session_id,user_id,timestamp,country,device_type,ip_block,failed_logins_24h,hour,country_changed,is_new_ip,is_new_device,label_anomaly
357ec1cf,user0135,2025-09-10T17:49:13,RO,desktop,214.30,0,17,1,1,0,0
54d11ef3,user0243,2025-09-10T12:28:18,DE,mobile,207.255,0,12,0,0,0,0
328b5763,user0036,2025-09-09T14:22:29,IT,desktop,246.43,0,14,0,0,0,0
15f300d7,user0202,2025-09-13T04:24:47,DE,tablet,142.88,7,4,1,1,1,1
d8e2afc3,user0102,2025-09-10T13:53:00,DE,mobile,137.215,0,13,1,1,1,0
2de3d837,user0056,2025-09-13T00:39:32,RO,desktop,156.146,3,0,1,1,1,1
56780743,user0069,2025-09-11T11:10:01,UA,mobile,154.89,0,11,0,0,0,0
7174fe86,user0281,2025-09-12T13:57:11,RO,mobile,90.199,0,13,0,0,0,0
2c3bfee3,user0213,2025-09-15T00:11:08,RO,mobile,175.81,7,0,1,1,1,1
9312607a,user0172,2025-09-12T13:20:17,FR,mobile,172.7,0,13,0,0,0,0
3c87d4e9,user0122,2025-09-10T17:41:11,RO,mobile,186.144,0,17,0,0,0,0
72c7f3a6,user0128,2025-09-10T21:51:14,TR,desktop,242.220,0,21,0,0,0,0
a75924e7,user0050,2025-09-10T14:41:29,IT,desktop,119.56,1,14,1,1,1,0
27212172,user0287,2025-09-11T08:04:45,RO,mobile,189.158,0,8,0,0,0,0
947b6297,user0044,2025-09-10T17:07:40,BG,desktop,147.108,3,17,0,0,0,0
564893e6,user0054,2025-09-11T17:19:15,BG,mobile,54.61,0,17,0,0,0,0
e032d846,user0246,2025-09-14T14:29:05,RO,desktop,194.52,1,14,0,0,0,0
55fdfdee,user0225,2025-09-11T21:49:57,ES,desktop,51.191,0,21,1,1,1,0
fdcadf40,user0030,2025-09-11T01:58:58,HU,desktop,4.0,4,1,1,1,1,1
504d6ee6,user0134,2025-09-12T14:33:46,RO,desktop,137.91,0,14,1,1,1,0
922f145e,user0021,2025-09-11T04:38:17,RO,mobile,153.139,6,4,0,1,1,1
21a107db,user0068,2025-09-11T21:18:48,BG,desktop,128.215,1,21,1,1,1,0
b9485955,user0143,2025-09-10T08:20:24,RO,desktop,26.174,3,8,0,1,0,0
976beb1e,user0227,2025-09-15T00:50:10,TR,mobile,204.90,4,0,1,1,0,1
aaddbf60,user0134,2025-09-13T20:41:58,TR,mobile,26.111,3,20,1,1,1,0
2a3a040e,user0039,2025-09-16T15:23:57,TR,tablet,149.145,0,15,1,1,1,0
674e67ee,user0142,2025-09-14T02:45:38,RO,tablet,130.14,7,2,1,1,1,1
7cf4eba6,user0291,2025-09-09T03:09:20,ES,tablet,189.168,6,3,1,1,0,1
f7dfefdf,user0130,2025-09-15T18:41:01,TR,desktop,30.107,1,18,1,1,1,0
8412648a,user0280,2025-09-09T20:09:42,HU,tablet,63.45,3,20,0,0,0,0
78431a3c,user0233,2025-09-14T00:34:35,RO,desktop,117.26,3,0,1,1,1,1
d66637db,user0194,2025-09-09T09:29:10,RO,mobile,239.155,0,9,0,0,0,0
e8629efb,user0200,2025-09-13T16:17:03,UA,desktop,247.121,0,16,1,1,1,0
0a35e798,user0190,2025-09-11T09:57:32,ES,mobile,79.43,1,9,1,1,1,0
63c63b18,user0254,2025-09-15T03:26:29,DE,mobile,251.24,4,3,1,1,1,1
e921ba1a,user0185,2025-09-14T20:34:46,RO,mobile,252.182,0,20,0,0,0,0
8dc183c3,user0227,2025-09-11T02:54:09,FR,desktop,45.145,3,2,1,1,1,1
5600ae9e,user0166,2025-09-10T11:30:40,RO,desktop,104.67,1,11,0,0,0,0
b6caeb52,user0142,2025-09-11T12:50:09,RO,mobile,109.111,0,12,0,0,0,0
3c16b8df,user0070,2025-09-13T11:54:59,RO,mobile,183.94,0,11,0,0,0,0
30898288,user0252,2025-09-14T17:51:58,RO,mobile,164.90,0,17,1,1,0,0
966efe62,user0108,2025-09-11T09:20:55,RO,mobile,44.73,0,9,0,1,1,0
3bdbf463,user0297,2025-09-13T10:37:56,RO,mobile,74.85,1,10,0,1,0,0
b27bd139,user0110,2025-09-11T21:55:50,NL,desktop,214.249,2,21,1,1,0,0
1c38012e,user0006,2025-09-14T11:45:05,RO,mobile,188.230,2,11,0,1,1,0
6339edbc,user0142,2025-09-14T14:15:29,RO,mobile,204.88,0,14,1,1,0,0
9a4d2668,user0105,2025-09-11T00:45:23,RO,mobile,75.22,4,0,1,1,1,1
9f024c32,user0068,2025-09-15T10:31:52,RO,desktop,15.36,0,10,1,1,0,0
408ec11a,user0146,2025-09-11T08:31:30,BG,desktop,208.77,1,8,0,0,0,0
cc608f78,user0083,2025-09-11T00:16:49,FR,tablet,124.48,3,0,1,1,1,1
73f240b7,user0066,2025-09-10T14:08:16,RO,mobile,22.212,0,14,0,0,0,0
8cb72505,user0078,2025-09-13T18:32:47,RO,mobile,14.32,0,18,0,0,0,0
3a2a3669,user0195,2025-09-14T11:38:25,IT,mobile,137.100,1,11,1,1,0,0
ee548401,user0237,2025-09-15T01:54:51,RO,mobile,6.128,7,1,0,1,0,1
31916df0,user0171,2025-09-11T10:47:14,NL,mobile,103.40,0,10,1,1,0,0
95df5f91,user0143,2025-09-10T18:10:14,RO,desktop,54.15,0,18,0,1,0,0
9ee36c98,user0273,2025-09-13T17:44:41,TR,mobile,114.132,0,17,1,1,1,0
d9ff0289,user0217,2025-09-10T15:50:17,RO,mobile,151.1,1,15,0,1,0,0
bc64219e,user0109,2025-09-13T11:52:55,IT,tablet,18.121,0,11,1,1,1,0
8cb6fe90,user0056,2025-09-11T16:24:14,ES,mobile,45.105,0,16,1,1,0,0
36ec0dd6,user0039,2025-09-14T12:44:52,RO,mobile,52.132,0,12,0,1,0,0
17f1625f,user0140,2025-09-13T17:25:32,ES,mobile,132.161,0,17,1,1,0,0
b64a65a9,user0205,2025-09-10T18:21:35,HU,mobile,100.58,2,18,0,1,0,0
6c417762,user0292,2025-09-15T03:14:04,ES,mobile,128.77,3,3,1,1,0,1
f9cdc8d3,user0011,2025-09-10T17:08:05,FR,desktop,46.31,1,17,0,0,0,0
fe5b6e4b,user0244,2025-09-14T10:17:59,FR,mobile,115.74,1,10,1,1,0,0
d143c2c6,user0116,2025-09-14T19:01:57,RO,desktop,179.100,0,19,0,1,0,0
a5e92c12,user0021,2025-09-13T13:55:55,RO,tablet,176.141,0,13,0,1,1,0
4c187b5d,user0243,2025-09-16T19:03:14,RO,mobile,44.179,1,19,1,1,1,0
36a26c35,user0160,2025-09-10T00:32:31,UA,tablet,171.182,4,0,0,1,1,1
60de9f45,user0217,2025-09-11T13:33:45,RO,mobile,101.255,0,13,1,1,1,0
3c46e655,user0116,2025-09-15T19:32:17,HU,desktop,63.188,0,19,1,1,0,0
30e574d5,user0282,2025-09-15T17:52:20,RO,mobile,18.180,0,17,1,1,0,0
fab6b3a1,user0010,2025-09-10T21:44:42,ES,desktop,62.85,0,21,0,0,0,0
bdfbacb1,user0213,2025-09-13T11:21:42,RO,mobile,229.60,1,11,0,1,0,0
baf174f7,user0053,2025-09-13T11:18:43,ES,mobile,250.223,0,11,1,1,1,0
dcd29d7d,user0065,2025-09-16T02:28:46,HU,mobile,240.9,0,2,1,1,0,0
86e80738,user0070,2025-09-15T14:35:11,BG,mobile,97.142,4,14,1,1,0,0
2bb966f0,user0118,2025-09-10T15:29:21,UA,mobile,46.115,0,15,1,1,1,0
cd8202cb,user0010,2025-09-13T12:12:24,RO,mobile,77.44,0,12,1,1,1,0
0346bb2e,user0276,2025-09-12T20:51:15,DE,mobile,56.117,0,20,1,1,0,0
2dd32114,user0161,2025-09-11T04:19:08,ES,mobile,54.217,6,4,1,1,1,1
2b65e66f,user0241,2025-09-14T08:02:18,RO,desktop,78.55,0,8,1,1,1,0
c2251705,user0159,2025-09-12T19:34:19,IT,mobile,217.188,0,19,0,0,0,0
8a61c91d,user0189,2025-09-14T01:25:25,RO,desktop,77.250,3,1,1,1,1,1
2bc17d73,user0198,2025-09-10T10:22:39,UA,mobile,181.229,0,10,0,0,0,0
c18a7c75,user0251,2025-09-13T20:52:20,RO,desktop,50.116,0,20,0,1,1,0
16a929be,user0136,2025-09-16T21:55:01,RO,mobile,131.49,1,21,0,1,1,0
d346630a,user0224,2025-09-12T19:07:03,BG,mobile,116.92,0,19,0,0,0,0
eaa706de,user0072,2025-09-09T12:55:29,DE,mobile,245.235,3,12,0,0,0,0
551d019d,user0039,2025-09-13T17:39:13,RO,mobile,231.58,0,17,1,1,0,0
713250d9,user0174,2025-09-16T13:00:37,RO,mobile,24.156,0,13,1,1,0,0
d0689e43,user0098,2025-09-15T20:03:22,RO,mobile,228.239,0,20,1,1,0,0
06a28e7f,user0275,2025-09-09T21:22:42,RO,mobile,207.43,0,21,0,0,0,0
47d9a819,user0260,2025-09-10T04:33:43,HU,mobile,134.68,0,4,0,0,0,0
a84e4ce5,user0175,2025-09-15T18:54:54,RO,mobile,115.157,0,18,0,1,0,0
e5bd6cd7,user0233,2025-09-15T16:00:58,TR,mobile,163.121,1,16,1,1,1,0
5fba2e37,user0278,2025-09-16T06:29:42,RO,mobile,183.124,0,6,1,1,0,0
ccb62351,user0002,2025-09-14T23:29:21,BG,tablet,239.6,1,23,1,1,1,0
8cb177d4,user0300,2025-09-13T13:54:09,BG,desktop,243.184,0,13,1,1,0,0
7784b082,user0148,2025-09-15T11:35:34,BG,mobile,199.149,1,11,1,1,0,0
029dab58,user0261,2025-09-15T11:49:31,RO,desktop,41.217,1,11,0,1,0,0
b530db7c,user0300,2025-09-15T00:51:49,HU,tablet,209.171,5,0,1,1,1,1
7453e9c7,user0171,2025-09-15T04:31:32,RO,desktop,64.117,3,4,1,1,1,1
fb033f3f,user0292,2025-09-14T08:44:17,RO,mobile,25.232,0,8,0,1,1,0
55131ead,user0234,2025-09-15T04:04:13,RO,mobile,56.48,3,4,0,1,1,1
f2f2d086,user0206,2025-09-10T16:29:54,RO,mobile,215.29,0,16,0,1,0,0
7ce72c90,user0095,2025-09-14T04:19:58,RO,mobile,83.110,8,4,0,1,1,1
f7a30774,user0260,2025-09-15T09:29:54,HU,mobile,111.77,0,9,0,1,0,0
2b89d9d4,user0296,2025-09-09T18:25:37,RO,mobile,146.66,0,18,0,0,0,0
bb301732,user0085,2025-09-15T04:11:57,FR,tablet,140.184,4,4,1,1,1,1
6e9b6e9c,user0103,2025-09-13T04:30:53,RO,mobile,200.228,5,4,1,1,0,1
c7772652,user0126,2025-09-11T12:32:22,TR,mobile,81.228,1,12,1,1,1,0
6dcd3896,user0260,2025-09-12T13:53:22,TR,mobile,39.36,1,13,1,1,1,0
a3852e53,user0068,2025-09-11T09:28:05,UA,desktop,184.21,0,9,1,1,0,0
3d90a11b,user0060,2025-09-12T09:05:23,RO,mobile,250.15,0,9,0,1,0,0
acc9deaf,user0250,2025-09-13T10:52:46,RO,mobile,225.70,0,10,1,1,0,0
53baa1ed,user0150,2025-09-15T13:40:31,RO,tablet,197.151,0,13,1,1,1,0
a8e994fc,user0113,2025-09-10T19:18:25,UA,desktop,216.223,0,19,1,1,0,0
9b7b8724,user0071,2025-09-13T01:21:33,TR,desktop,224.70,0,1,1,1,1,0
2272937d,user0028,2025-09-15T17:18:50,RO,mobile,131.195,1,17,1,1,0,0
160a897e,user0236,2025-09-13T21:47:54,RO,tablet,194.175,0,21,0,1,1,0
aead9b3f,user0050,2025-09-09T13:42:09,TR,mobile,85.128,0,13,0,0,0,0
cc8f9b7f,user0165,2025-09-15T19:00:31,RO,mobile,18.135,2,19,1,1,0,0
19f21510,user0059,2025-09-15T17:24:40,RO,mobile,93.138,2,17,1,1,1,0
1dc02537,user0186,2025-09-09T11:08:08,RO,mobile,64.237,0,11,0,1,0,0
1f909ca9,user0157,2025-09-14T11:19:43,RO,desktop,23.198,0,11,0,1,1,0
86d138f3,user0117,2025-09-09T12:29:20,UA,desktop,144.29,0,12,0,0,0,0
3f6b6bda,user0068,2025-09-10T13:10:32,UA,mobile,56.109,0,13,0,0,0,0
d9979792,user0115,2025-09-09T09:51:28,RO,desktop,194.54,1,9,0,0,0,0
8b57089b,user0279,2025-09-15T23:14:44,HU,desktop,15.123,0,23,1,1,1,0
4dff9921,user0066,2025-09-12T14:01:18,RO,desktop,194.40,1,14,1,1,1,0
03786ca4,user0243,2025-09-14T09:03:35,RO,mobile,131.128,1,9,1,1,1,0
1c761f55,user0044,2025-09-12T14:12:13,FR,mobile,65.76,0,14,1,1,1,0
47f1c26e,user0227,2025-09-12T18:03:12,DE,mobile,125.160,0,18,1,1,1,0
8a9d1f40,user0168,2025-09-13T13:57:41,RO,desktop,162.172,0,13,0,1,1,0
1e26ad46,user0022,2025-09-13T15:18:27,NL,desktop,10.36,0,15,1,1,1,0
11b26ccb,user0051,2025-09-10T19:53:25,HU,mobile,234.181,1,19,1,1,1,0
2b8d72d2,user0031,2025-09-14T01:16:06,RO,tablet,60.105,3,1,1,1,1,1
280dcf9c,user0258,2025-09-16T18:54:30,UA,desktop,53.193,1,18,1,1,0,0
d66bd0d2,user0203,2025-09-11T00:59:18,RO,mobile,20.235,3,0,1,1,0,1
73d385de,user0241,2025-09-15T11:30:03,BG,mobile,248.108,1,11,1,1,1,0
5b876edf,user0112,2025-09-11T11:35:55,RO,desktop,142.161,0,11,1,1,0,0
778f6436,user0195,2025-09-09T16:17:28,RO,mobile,25.78,0,16,1,1,1,0
98c692d5,user0085,2025-09-10T08:03:17,RO,mobile,49.75,0,8,0,0,0,0
6295019c,user0294,2025-09-14T13:12:06,RO,mobile,106.97,0,13,0,0,0,0
9c75814c,user0044,2025-09-14T20:32:54,RO,mobile,90.131,1,20,1,1,0,0
d6d63a74,user0120,2025-09-09T21:15:06,HU,mobile,12.238,0,21,1,1,1,0
ff0d3e50,user0196,2025-09-16T02:16:54,DE,mobile,245.128,3,2,1,1,1,1
f4a78882,user0143,2025-09-09T21:44:40,FR,mobile,26.7,0,21,1,1,0,0
f8f4fcd7,user0140,2025-09-15T15:17:52,IT,desktop,8.222,0,15,1,1,1,0
641584f4,user0031,2025-09-10T18:52:42,BG,mobile,26.48,2,18,0,0,0,0
328858d2,user0224,2025-09-13T19:18:13,UA,desktop,68.172,1,19,1,1,1,0
daf319d5,user0133,2025-09-14T00:50:45,RO,mobile,85.151,4,0,0,1,1,1
ce892354,user0128,2025-09-11T20:02:55,RO,desktop,226.52,1,20,1,1,1,0
1de826d0,user0042,2025-09-14T12:18:59,DE,mobile,125.237,0,12,1,1,0,0
4574f5a6,user0038,2025-09-11T00:40:54,IT,desktop,22.161,3,0,1,1,1,1
102b4408,user0041,2025-09-09T11:14:21,RO,desktop,201.192,0,11,0,1,0,0
f574080e,user0271,2025-09-10T21:49:05,ES,mobile,88.186,0,21,0,0,0,0
2f4de5ed,user0285,2025-09-14T21:47:57,BG,mobile,133.55,0,21,1,1,1,0
fa51f4b4,user0125,2025-09-10T14:58:04,RO,desktop,171.152,0,14,0,0,0,0
e60a5d01,user0105,2025-09-15T03:02:04,TR,mobile,188.3,3,3,1,1,1,1
cbb7b0d3,user0038,2025-09-11T00:30:16,FR,tablet,208.229,8,0,0,1,0,1
9f030db6,user0152,2025-09-11T01:09:45,BG,mobile,155.129,1,1,0,0,0,0
2d83774c,user0173,2025-09-09T16:48:48,FR,mobile,20.7,1,16,0,0,0,0
462130c1,user0076,2025-09-12T11:20:11,RO,desktop,200.219,1,11,0,1,1,0
1af62e17,user0143,2025-09-15T13:02:38,IT,mobile,233.250,0,13,1,1,0,0
bb85be2a,user0184,2025-09-09T11:52:47,RO,mobile,26.135,1,11,0,0,0,0
5db5403b,user0244,2025-09-10T12:50:35,ES,mobile,249.16,0,12,0,0,0,0
315233a9,user0159,2025-09-12T18:39:57,RO,mobile,169.204,0,18,1,1,0,0
21c333e8,user0231,2025-09-14T19:56:17,RO,desktop,36.78,0,19,1,1,0,0
79f2c2cd,user0166,2025-09-15T04:54:41,ES,desktop,30.8,3,4,1,1,1,1
96c26e83,user0156,2025-09-15T12:49:57,NL,mobile,82.161,1,12,1,1,0,0
fa13f642,user0261,2025-09-15T12:09:04,RO,desktop,136.21,0,12,1,1,1,0
9f8ffab2,user0092,2025-09-14T01:53:13,DE,tablet,122.53,3,1,1,1,1,1
9552f853,user0212,2025-09-11T09:21:36,UA,mobile,182.124,0,9,0,0,0,0
f44ad638,user0141,2025-09-14T13:07:27,UA,desktop,188.177,1,13,1,1,0,0
7bf78ee4,user0299,2025-09-09T16:13:29,TR,mobile,168.208,0,16,0,0,0,0
912d5e3c,user0175,2025-09-14T23:55:21,IT,mobile,63.48,4,23,1,1,1,1
1392a150,user0072,2025-09-10T15:47:39,TR,desktop,247.187,0,15,1,1,1,0
c2fe3047,user0195,2025-09-12T10:25:54,HU,desktop,2.246,0,10,1,1,1,0
4d2479cc,user0103,2025-09-11T15:41:11,BG,mobile,118.54,0,15,1,1,0,0
5d76df75,user0143,2025-09-13T18:39:53,DE,mobile,69.9,0,18,1,1,0,0
ea449b14,user0030,2025-09-11T03:12:27,DE,mobile,19.101,4,3,1,1,1,1
c10835dc,user0184,2025-09-11T19:34:33,UA,mobile,222.242,0,19,1,1,0,0
da232bf5,user0238,2025-09-13T19:26:39,RO,mobile,86.34,0,19,0,1,0,0
7624545e,user0197,2025-09-15T17:20:19,RO,mobile,221.191,1,17,0,1,1,0
9974bba1,user0113,2025-09-10T10:13:38,BG,mobile,126.234,1,10,1,1,1,0
e3520f19,user0145,2025-09-11T11:37:37,RO,mobile,240.181,1,11,0,0,0,0
3b708ec7,user0119,2025-09-15T19:29:29,DE,mobile,254.209,0,19,1,1,1,0
90609788,user0211,2025-09-11T19:56:54,RO,desktop,160.131,1,19,0,1,0,0
979536a7,user0118,2025-09-09T20:48:54,RO,desktop,76.29,0,20,0,0,0,0
41620833,user0034,2025-09-14T15:17:22,BG,desktop,152.247,0,15,1,1,1,0
3c10a165,user0028,2025-09-14T20:49:06,RO,mobile,8.213,0,20,1,1,0,0
cf89f77d,user0048,2025-09-11T21:52:41,RO,mobile,237.240,0,21,0,1,0,0
a1263f97,user0017,2025-09-09T08:26:14,RO,mobile,113.250,1,8,1,1,0,0
2a5f55c5,user0062,2025-09-10T08:48:59,RO,mobile,247.119,0,8,0,0,0,0
916ef2cc,user0055,2025-09-13T00:18:32,DE,mobile,180.57,4,0,1,1,0,1
0a56b911,user0221,2025-09-10T09:36:19,RO,mobile,98.177,0,9,0,0,0,0
9ecd74a3,user0122,2025-09-11T21:14:29,RO,mobile,115.245,1,21,1,1,0,0
31d1bf96,user0069,2025-09-12T21:16:51,RO,desktop,226.248,0,21,1,1,1,0
08850464,user0250,2025-09-14T12:01:05,RO,desktop,207.110,1,12,0,1,1,0
0981bf9d,user0121,2025-09-16T14:26:06,IT,mobile,46.45,0,14,1,1,0,0
0ba88277,user0125,2025-09-15T08:56:59,RO,mobile,113.175,1,8,0,1,0,0
b401b27b,user0053,2025-09-11T20:00:34,RO,desktop,97.101,2,20,1,1,0,0
25148e97,user0227,2025-09-14T09:27:21,TR,desktop,249.104,1,9,1,1,1,0
50f9b5e7,user0074,2025-09-09T22:12:33,HU,mobile,32.136,0,22,0,0,0,0
91806e05,user0103,2025-09-10T23:59:23,NL,mobile,157.201,4,23,1,1,0,1
343d216b,user0014,2025-09-13T15:00:51,RO,mobile,77.207,0,15,0,1,0,0
8307eb4e,user0235,2025-09-09T15:03:29,RO,desktop,3.26,1,15,0,0,0,0
63c960cb,user0113,2025-09-09T17:23:53,DE,desktop,144.242,0,17,1,1,0,0
55a89b95,user0274,2025-09-14T03:55:40,RO,mobile,198.186,4,3,1,1,1,1
6e5ef461,user0254,2025-09-16T09:20:36,UA,mobile,55.155,0,9,1,1,0,0
8c3f492d,user0066,2025-09-11T15:12:51,BG,desktop,68.45,0,15,1,1,1,0
2a775828,user0266,2025-09-15T15:31:55,RO,mobile,222.221,0,15,0,1,0,0
efa4ee97,user0249,2025-09-12T11:39:14,RO,mobile,204.0,0,11,0,1,0,0
d262b37f,user0054,2025-09-15T17:09:18,FR,mobile,191.234,0,17,1,1,0,0
c620cf1b,user0135,2025-09-09T23:55:45,FR,desktop,99.251,0,23,0,0,0,0
68f3431e,user0027,2025-09-15T11:22:05,RO,mobile,201.68,1,11,0,1,1,0
a1e00daf,user0272,2025-09-11T13:16:17,RO,desktop,179.101,1,13,0,1,1,0
d6188926,user0162,2025-09-15T13:43:32,RO,mobile,214.107,0,13,1,1,0,0
b4cae874,user0142,2025-09-15T02:24:52,DE,mobile,146.79,5,2,1,1,1,1
32a6618b,user0245,2025-09-11T11:45:57,DE,mobile,51.116,3,11,0,0,0,0
f004eb47,user0114,2025-09-14T03:37:25,RO,desktop,125.117,5,3,1,1,1,1
7f0059d0,user0116,2025-09-12T15:15:34,RO,desktop,233.73,0,15,0,1,0,0
1eb94bd9,user0180,2025-09-13T10:25:46,RO,mobile,52.254,0,10,1,1,1,0
0a7bac91,user0098,2025-09-12T09:32:46,RO,mobile,221.122,1,9,0,1,0,0
019ccc16,user0065,2025-09-14T13:36:19,UA,desktop,253.212,1,13,1,1,1,0
e4038f10,user0162,2025-09-14T15:21:04,HU,mobile,252.204,0,15,1,1,0,0
d8f87507,user0035,2025-09-11T10:31:04,RO,mobile,251.143,0,10,1,1,0,0
78dd76fa,user0112,2025-09-09T00:06:09,BG,desktop,12.38,3,0,1,1,1,1
04742a8f,user0153,2025-09-15T13:07:18,RO,desktop,131.194,1,13,0,1,0,0
1823ab02,user0241,2025-09-11T03:50:12,UA,tablet,45.136,3,3,1,1,0,1
df5cfacd,user0017,2025-09-15T23:12:13,BG,mobile,74.255,4,23,1,1,0,1
fda1fb58,user0286,2025-09-09T20:56:33,HU,desktop,112.12,0,20,0,0,0,0
dbea9dc0,user0048,2025-09-10T21:05:57,TR,desktop,44.103,0,21,1,1,1,0
b7f4acc6,user0261,2025-09-11T21:29:35,RO,desktop,39.47,0,21,1,1,0,0
40d65610,user0266,2025-09-12T14:08:30,RO,mobile,210.70,0,14,0,0,0,0
45b40d1f,user0026,2025-09-10T15:48:30,RO,desktop,240.77,0,15,0,0,0,0
3630a903,user0233,2025-09-09T00:38:49,TR,tablet,83.136,4,0,1,1,0,1
13cb5a74,user0256,2025-09-15T17:26:17,DE,mobile,110.98,0,17,1,1,0,0
cc2cbf49,user0003,2025-09-12T00:01:59,RO,desktop,215.240,4,0,0,1,0,1
1445d456,user0198,2025-09-16T01:30:54,FR,desktop,61.52,0,1,1,1,1,0
895bd3f0,user0123,2025-09-10T07:42:20,DE,tablet,242.85,0,7,0,0,0,0
76a39897,user0195,2025-09-10T18:46:54,RO,desktop,188.76,0,18,1,1,1,0
07184010,user0175,2025-09-13T21:36:03,IT,mobile,183.178,1,21,1,1,0,0
7f1613b5,user0016,2025-09-09T04:44:24,RO,mobile,37.59,9,4,0,1,0,1
d2ce701c,user0136,2025-09-11T00:53:28,HU,desktop,27.54,3,0,1,1,1,1
753aefe4,user0229,2025-09-12T10:26:11,RO,desktop,204.144,0,10,0,0,0,0
e756270c,user0217,2025-09-10T15:24:33,BG,tablet,216.207,0,15,1,1,1,0
d16245dc,user0186,2025-09-15T17:32:52,TR,mobile,219.111,0,17,1,1,0,0
d80e292f,user0002,2025-09-15T20:54:07,RO,mobile,246.123,0,20,1,1,1,0
2cfccb1d,user0297,2025-09-11T20:49:46,RO,mobile,148.117,0,20,0,1,0,0
7c038604,user0001,2025-09-12T11:30:54,RO,mobile,242.38,1,11,1,1,1,0
b809e7bd,user0158,2025-09-11T13:04:25,RO,mobile,237.11,0,13,1,1,0,0
ae7b48d8,user0288,2025-09-09T19:00:07,ES,desktop,212.124,0,19,1,1,1,0
cdbe2684,user0243,2025-09-13T21:03:26,DE,desktop,221.171,1,21,1,1,1,0
f34b6ead,user0015,2025-09-12T02:29:48,IT,desktop,120.100,0,2,0,0,0,0
3d891d82,user0272,2025-09-14T12:39:56,RO,desktop,71.99,1,12,0,1,1,0
4b524490,user0268,2025-09-11T02:37:05,RO,desktop,57.30,3,2,1,1,1,1
f5333c3c,user0081,2025-09-11T02:03:16,RO,mobile,185.134,0,2,0,1,0,0
7ac22b54,user0036,2025-09-15T11:07:14,HU,desktop,187.60,0,11,1,1,1,0
85c148e3,user0089,2025-09-14T22:53:38,RO,mobile,21.201,1,22,0,0,0,0
546e010f,user0064,2025-09-12T12:25:51,RO,desktop,116.162,0,12,0,1,0,0
386d4883,user0121,2025-09-11T10:05:11,HU,desktop,224.186,1,10,0,0,0,0
15106696,user0300,2025-09-11T15:11:25,TR,mobile,230.112,2,15,1,1,1,0
e434a12d,user0027,2025-09-11T12:36:22,RO,desktop,40.155,0,12,0,0,0,0
7ab1116a,user0283,2025-09-14T23:50:43,RO,desktop,150.217,0,23,0,1,1,0
138a05b1,user0169,2025-09-12T01:14:59,BG,mobile,208.175,0,1,0,0,0,0
dfd5eec6,user0190,2025-09-11T18:04:13,TR,mobile,146.251,0,18,1,1,0,0
482d475f,user0047,2025-09-10T18:48:40,RO,mobile,124.96,1,18,0,0,0,0
12aff601,user0082,2025-09-12T17:24:30,HU,mobile,233.250,0,17,1,1,0,0
4197cbf3,user0081,2025-09-14T13:47:05,UA,mobile,121.69,0,13,1,1,0,0
41c8544b,user0052,2025-09-14T13:09:25,IT,desktop,200.45,0,13,1,1,1,0
f694eb8b,user0002,2025-09-11T16:03:28,RO,desktop,195.8,0,16,1,1,1,0
503cc56d,user0114,2025-09-11T00:33:36,IT,mobile,215.136,3,0,1,1,0,1
0ca0c779,user0208,2025-09-14T01:10:44,TR,mobile,21.93,3,1,1,1,1,1
530d5f70,user0105,2025-09-11T00:03:16,HU,mobile,96.104,3,0,1,1,1,1
4e4370bf,user0019,2025-09-16T00:11:17,RO,desktop,90.26,8,0,0,1,1,1
843adc8b,user0078,2025-09-16T23:18:16,RO,mobile,185.96,7,23,1,1,0,1
0a46c3ad,user0166,2025-09-13T08:55:33,RO,mobile,218.142,0,8,0,1,1,0
faebb106,user0135,2025-09-11T16:48:21,FR,mobile,218.79,1,16,0,1,1,0
3983aa29,user0123,2025-09-15T01:28:35,RO,mobile,174.198,3,1,1,1,1,1
56635af5,user0221,2025-09-11T01:30:55,RO,desktop,120.65,6,1,1,1,1,1
46b53c9e,user0020,2025-09-12T09:54:49,UA,desktop,166.22,0,9,1,1,0,0
e660e691,user0284,2025-09-14T14:46:35,RO,desktop,168.193,0,14,0,1,1,0
085e7d0d,user0277,2025-09-10T12:49:17,RO,desktop,6.196,1,12,0,1,0,0
29b9d89a,user0150,2025-09-14T02:23:47,FR,mobile,142.131,5,2,1,1,1,1
5144adba,user0156,2025-09-14T03:11:26,RO,mobile,25.25,6,3,0,1,1,1
3a9ca52d,user0225,2025-09-15T02:34:22,BG,desktop,97.227,7,2,1,1,1,1
ad6668ae,user0048,2025-09-15T14:08:09,ES,mobile,237.92,5,14,1,1,0,0
1ba502dd,user0001,2025-09-15T04:55:24,IT,desktop,176.62,5,4,1,1,1,1
902c6022,user0077,2025-09-15T08:02:23,RO,mobile,100.3,0,8,1,1,0,0
9d95c4ea,user0139,2025-09-14T10:42:56,RO,desktop,152.131,0,10,0,1,0,0
f8e53849,user0122,2025-09-10T21:01:30,BG,mobile,207.238,0,21,1,1,0,0
57818d95,user0216,2025-09-13T03:11:08,BG,desktop,72.13,3,3,1,1,1,1
05984e1b,user0233,2025-09-13T01:55:30,RO,mobile,140.175,4,1,1,1,1,1
fcd1e649,user0292,2025-09-12T18:50:48,RO,desktop,46.112,0,18,0,1,1,0
5309fe89,user0289,2025-09-13T20:33:08,RO,desktop,139.38,0,20,0,1,1,0
fcfc60a7,user0127,2025-09-10T18:49:59,RO,desktop,137.81,0,18,0,1,0,0
ce081240,user0125,2025-09-12T19:32:01,RO,mobile,25.186,0,19,0,1,1,0
e89d0458,user0249,2025-09-10T17:47:55,RO,mobile,93.150,0,17,1,1,0,0
1c780c2e,user0179,2025-09-11T09:09:42,RO,tablet,219.20,0,9,0,0,0,0
2358e59f,user0296,2025-09-10T12:49:48,RO,mobile,244.202,1,12,0,1,0,0
dc6f9094,user0154,2025-09-11T07:26:09,RO,mobile,232.178,0,7,0,0,0,0
5a9af309,user0254,2025-09-13T08:36:31,UA,desktop,70.229,0,8,1,1,1,0
a573977b,user0237,2025-09-10T17:20:23,FR,desktop,213.189,0,17,1,1,0,0
f8724456,user0289,2025-09-11T01:38:33,RO,mobile,153.37,7,1,1,1,0,1
11b65a85,user0271,2025-09-10T09:09:24,RO,mobile,27.79,0,9,1,1,0,0
b97f9724,user0065,2025-09-13T21:15:51,RO,mobile,68.52,1,21,1,1,1,0
c12fadbe,user0157,2025-09-14T11:20:53,RO,desktop,72.223,2,11,0,1,1,0
7cb9fbfe,user0297,2025-09-11T19:04:44,RO,mobile,140.143,1,19,0,0,0,0
1bb80856,user0154,2025-09-11T12:45:45,BG,mobile,76.176,1,12,1,1,0,0
f6e36393,user0039,2025-09-10T14:04:08,RO,mobile,241.199,1,14,0,0,0,0
4b2e8381,user0158,2025-09-10T07:42:38,TR,mobile,80.193,0,7,0,0,0,0
d8716aca,user0239,2025-09-12T08:16:25,RO,mobile,134.210,0,8,0,0,0,0
2385ce55,user0257,2025-09-10T18:13:33,RO,mobile,53.151,0,18,0,0,0,0
6d6f2770,user0217,2025-09-09T20:33:10,BG,mobile,145.215,0,20,0,0,0,0
efac907d,user0147,2025-09-11T17:30:18,RO,tablet,77.41,0,17,0,0,0,0
60e9340e,user0283,2025-09-15T14:21:31,DE,mobile,110.71,0,14,1,1,1,0
b745955e,user0209,2025-09-11T18:46:30,DE,desktop,90.229,0,18,1,1,0,0
7c54f896,user0240,2025-09-13T11:03:51,RO,mobile,32.62,1,11,0,1,0,0
6c47b93b,user0138,2025-09-09T04:24:35,IT,desktop,90.3,3,4,0,1,1,1
8a132d1e,user0108,2025-09-09T15:22:36,RO,desktop,34.7,1,15,0,0,0,0
9e27d88d,user0245,2025-09-14T16:14:34,HU,desktop,194.156,1,16,1,1,1,0
6f9bf38c,user0022,2025-09-11T19:38:38,RO,mobile,251.217,0,19,0,0,0,0
7da51912,user0267,2025-09-12T04:16:38,BG,mobile,107.207,4,4,1,1,1,1
4ddf8868,user0168,2025-09-12T10:51:47,RO,mobile,213.39,0,10,0,0,0,0
96003ca6,user0284,2025-09-10T11:44:21,NL,mobile,175.125,0,11,0,0,0,0
b92ccb37,user0296,2025-09-14T17:24:09,RO,desktop,155.216,0,17,0,1,1,0
699c3596,user0289,2025-09-14T19:52:15,RO,desktop,190.112,0,19,0,1,1,0
b18e2832,user0268,2025-09-13T20:03:33,HU,mobile,146.20,1,20,1,1,1,0
df6a61f9,user0259,2025-09-12T00:18:59,DE,tablet,33.37,7,0,1,1,1,1
c189b479,user0079,2025-09-10T11:19:48,RO,mobile,215.176,1,11,0,0,0,0
e40c7dac,user0230,2025-09-14T12:25:25,RO,mobile,133.177,1,12,1,1,0,0
3bf8bbdd,user0197,2025-09-16T00:00:14,HU,desktop,54.106,3,0,1,1,1,1
e5f906fa,user0008,2025-09-16T13:07:08,NL,mobile,137.102,2,13,1,1,0,0
bd3999f2,user0157,2025-09-14T17:02:01,RO,mobile,136.75,0,17,1,1,0,0
58f415b2,user0059,2025-09-10T10:57:18,HU,tablet,141.110,0,10,0,0,0,0
940cd9a9,user0298,2025-09-14T17:28:18,RO,mobile,36.250,0,17,0,1,0,0
5d20ec8a,user0119,2025-09-13T09:40:54,RO,desktop,9.200,0,9,0,0,0,0
05bf06f1,user0264,2025-09-12T02:07:47,UA,desktop,130.36,5,2,1,1,0,1
7d6e15c2,user0289,2025-09-13T09:17:18,RO,mobile,132.254,1,9,0,1,1,0
09211c63,user0213,2025-09-12T18:00:21,RO,mobile,57.86,0,18,0,0,0,0
01a32dc1,user0292,2025-09-13T23:58:02,RO,desktop,111.123,2,23,0,1,0,0
b2e2931f,user0227,2025-09-15T09:31:57,BG,mobile,161.145,1,9,1,1,0,0
38708489,user0180,2025-09-11T03:32:46,UA,desktop,111.72,6,3,1,1,1,1
8db4525e,user0236,2025-09-09T14:24:11,RO,desktop,194.173,0,14,0,0,0,0
db6f5dec,user0125,2025-09-14T02:06:28,RO,mobile,3.165,3,2,1,1,0,1
9799f19f,user0032,2025-09-10T19:31:37,RO,desktop,230.190,0,19,0,0,0,0
eb8f5fd8,user0052,2025-09-11T12:08:42,DE,mobile,217.68,0,12,1,1,0,0
1524b199,user0244,2025-09-12T10:50:26,RO,mobile,182.53,0,10,0,1,0,0
4a67b980,user0059,2025-09-15T09:06:18,ES,desktop,223.131,0,9,1,1,1,0
8c8f84a5,user0249,2025-09-10T10:39:35,RO,mobile,46.155,0,10,0,0,0,0
ce643c90,user0002,2025-09-11T12:53:28,BG,mobile,12.140,1,12,0,1,1,0
06500b01,user0175,2025-09-10T15:50:49,RO,desktop,255.182,0,15,0,1,1,0
6e8dd206,user0052,2025-09-16T13:06:25,RO,mobile,53.33,1,13,1,1,0,0
46fa77c4,user0136,2025-09-11T17:41:08,RO,mobile,140.217,1,17,0,1,0,0
9663289e,user0171,2025-09-11T17:58:26,HU,mobile,207.27,0,17,0,0,0,0
61fec367,user0268,2025-09-14T20:54:28,RO,mobile,242.136,1,20,1,1,1,0
d326e5e6,user0156,2025-09-12T15:09:37,RO,mobile,130.229,0,15,0,0,0,0
4910dc3d,user0277,2025-09-10T13:09:40,RO,tablet,84.181,0,13,0,1,1,0
174824bd,user0108,2025-09-11T03:52:58,FR,mobile,169.207,3,3,1,1,0,1
46739ccc,user0061,2025-09-15T17:42:05,DE,mobile,65.9,1,17,1,1,0,0
77e958a0,user0231,2025-09-12T17:55:27,RO,mobile,132.79,0,17,0,0,0,0
5568b05e,user0195,2025-09-09T11:49:41,UA,desktop,223.183,0,11,0,0,0,0
ad64647c,user0021,2025-09-15T21:38:27,UA,mobile,101.243,0,21,1,1,1,0
d222d413,user0276,2025-09-11T00:55:17,RO,tablet,208.33,6,0,1,1,1,1
86ca0bfc,user0241,2025-09-14T11:05:10,HU,tablet,183.80,2,11,0,1,1,0
1435f5d1,user0282,2025-09-10T00:19:51,ES,mobile,194.103,3,0,0,1,1,1
1bebd77d,user0273,2025-09-10T10:50:35,RO,tablet,135.102,0,10,0,0,0,0
643c412b,user0042,2025-09-11T21:34:39,DE,mobile,188.186,0,21,0,1,0,0
0e624f82,user0284,2025-09-10T11:28:46,BG,mobile,150.168,1,11,1,1,0,0
6544ca1b,user0042,2025-09-13T12:27:16,RO,mobile,249.191,0,12,1,1,1,0
5e562673,user0090,2025-09-12T15:14:21,BG,mobile,56.227,2,15,0,0,0,0
756754c9,user0215,2025-09-13T04:27:34,RO,mobile,8.63,3,4,0,1,0,1
0eacae17,user0113,2025-09-09T19:21:27,ES,desktop,11.44,3,19,0,0,0,0
66c622b2,user0248,2025-09-14T12:04:49,ES,desktop,155.133,0,12,1,1,1,0
a7f188af,user0077,2025-09-14T04:33:44,RO,mobile,113.106,3,4,1,1,1,1
7c10bc59,user0292,2025-09-11T02:26:31,RO,mobile,209.187,5,2,1,1,0,1
e727921f,user0083,2025-09-15T11:20:59,HU,mobile,130.92,1,11,1,1,1,0
b83b6ec6,user0019,2025-09-16T02:51:24,RO,desktop,202.119,0,2,0,1,1,0
f00316b2,user0181,2025-09-14T08:56:27,RO,desktop,159.209,1,8,0,1,1,0
29e96438,user0195,2025-09-13T19:17:43,FR,desktop,215.253,1,19,1,1,0,0
d1ea49a5,user0065,2025-09-10T18:46:53,DE,desktop,87.57,0,18,0,0,0,0
0ea09ced,user0161,2025-09-12T00:20:33,RO,mobile,88.228,3,0,1,1,0,1
6d643b6a,user0006,2025-09-10T19:00:27,RO,desktop,131.41,1,19,0,0,0,0
d485303e,user0128,2025-09-11T00:38:28,RO,mobile,65.68,5,0,1,1,1,1
e0050608,user0223,2025-09-10T16:25:48,RO,mobile,208.203,0,16,0,0,0,0
2de7315e,user0234,2025-09-12T00:32:07,IT,desktop,207.198,3,0,1,1,0,1
c4aed8de,user0150,2025-09-14T02:07:10,RO,mobile,13.145,6,2,1,1,1,1
b4d51ee7,user0162,2025-09-09T20:29:53,RO,desktop,75.102,0,20,0,0,0,0
05dba534,user0028,2025-09-14T20:39:53,DE,mobile,77.53,0,20,1,1,0,0
dcbd44b2,user0227,2025-09-12T14:20:59,RO,mobile,128.174,0,14,1,1,0,0
629af8f2,user0081,2025-09-14T23:52:49,RO,mobile,226.3,3,23,1,1,0,1
c51a940e,user0257,2025-09-15T21:07:04,ES,mobile,46.197,2,21,1,1,0,0
9f3f7dbd,user0058,2025-09-10T16:58:25,UA,mobile,75.76,0,16,1,1,1,0
0cd24c06,user0170,2025-09-10T21:30:42,BG,mobile,83.2,0,21,0,0,0,0
84b45c6f,user0230,2025-09-09T20:38:01,TR,mobile,160.241,0,20,0,0,0,0
8b303689,user0174,2025-09-10T15:57:51,DE,desktop,35.195,0,15,0,0,0,0
ecd993a8,user0198,2025-09-12T16:43:24,UA,mobile,34.105,0,16,0,1,0,0
919d2388,user0265,2025-09-10T21:49:02,UA,desktop,111.223,0,21,0,0,0,0
724de075,user0099,2025-09-14T02:13:16,IT,mobile,205.212,9,2,1,1,0,1
568a3fc2,user0275,2025-09-10T18:11:53,RO,mobile,28.4,0,18,0,1,0,0
e220defc,user0266,2025-09-15T09:09:40,RO,mobile,138.221,0,9,0,1,0,0
2f29b0e5,user0177,2025-09-15T01:45:38,TR,desktop,160.235,3,1,1,1,1,1
889ead14,user0080,2025-09-16T11:12:35,NL,mobile,26.82,0,11,1,1,1,0
8af9d24c,user0118,2025-09-15T07:26:35,UA,mobile,154.130,0,7,1,1,0,0
9e664713,user0252,2025-09-15T17:41:02,FR,desktop,72.95,0,17,1,1,1,0
5a736895,user0217,2025-09-10T15:55:22,RO,mobile,13.223,0,15,0,1,0,0
7f93f574,user0037,2025-09-09T00:24:08,DE,desktop,28.50,3,0,1,1,1,1
e7039663,user0085,2025-09-13T12:58:53,RO,mobile,250.113,0,12,0,1,0,0
3ad031f5,user0127,2025-09-11T10:38:29,RO,mobile,212.219,0,10,0,1,1,0
0ea5ddbd,user0035,2025-09-10T21:01:31,DE,mobile,83.146,1,21,0,0,0,0
5c421c4f,user0109,2025-09-09T01:50:24,RO,mobile,219.6,7,1,0,1,1,1
ef4e5e5d,user0209,2025-09-10T18:55:57,RO,desktop,146.113,0,18,1,1,0,0
164d1928,user0260,2025-09-13T23:34:45,HU,mobile,134.216,5,23,1,1,1,1
f1a35d1d,user0033,2025-09-13T20:12:15,RO,desktop,226.45,1,20,0,1,0,0
8cd7e3a2,user0041,2025-09-10T16:50:20,RO,desktop,41.104,1,16,0,1,0,0
a791a708,user0055,2025-09-11T12:22:52,RO,mobile,19.5,1,12,1,1,1,0
86a34dd1,user0166,2025-09-15T14:28:55,RO,mobile,209.219,0,14,0,1,1,0
31fa795f,user0288,2025-09-11T17:37:53,RO,mobile,57.128,0,17,1,1,1,0
b16a30d3,user0253,2025-09-15T00:17:49,RO,mobile,172.198,5,0,1,1,0,1
bd6a6f4e,user0148,2025-09-15T15:08:45,RO,desktop,206.130,2,15,1,1,1,0
a9e60985,user0205,2025-09-09T15:48:47,HU,mobile,220.7,0,15,0,0,0,0
d7123797,user0094,2025-09-10T15:14:34,RO,mobile,118.233,1,15,0,0,0,0
03a49536,user0062,2025-09-11T19:55:48,RO,mobile,245.248,2,19,0,1,0,0
b09b4281,user0138,2025-09-13T12:42:16,RO,tablet,93.41,0,12,1,1,1,0
f8d04861,user0136,2025-09-14T13:15:00,RO,desktop,198.43,0,13,0,1,1,0
5b8f16cc,user0204,2025-09-16T15:13:35,IT,tablet,77.112,0,15,1,1,1,0
d140c7ab,user0293,2025-09-16T08:16:58,UA,mobile,53.223,0,8,1,1,0,0
48005837,user0079,2025-09-13T03:26:24,IT,mobile,185.230,3,3,1,1,1,1
76f8bb41,user0127,2025-09-09T14:10:29,RO,desktop,163.179,1,14,0,0,0,0
3b16f449,user0296,2025-09-12T02:53:05,RO,mobile,80.26,4,2,1,1,0,1
0d939a27,user0047,2025-09-15T10:56:28,HU,mobile,47.84,0,10,1,1,0,0
dc0f481d,user0036,2025-09-11T20:41:24,RO,mobile,187.94,1,20,1,1,1,0
42ceb683,user0007,2025-09-14T17:49:20,RO,mobile,223.43,1,17,0,1,0,0
2f401eca,user0153,2025-09-13T05:54:12,RO,desktop,169.221,0,5,1,1,0,0
43256f5b,user0110,2025-09-10T09:18:46,RO,desktop,205.250,1,9,1,1,1,0
a72be0c1,user0284,2025-09-11T18:54:13,BG,desktop,93.197,0,18,1,1,1,0
032a4e46,user0147,2025-09-13T16:23:09,BG,desktop,140.54,1,16,1,1,0,0
f2baf544,user0276,2025-09-13T08:53:34,RO,desktop,144.206,0,8,1,1,1,0
c4838345,user0210,2025-09-12T13:36:16,TR,desktop,219.186,2,13,0,0,0,0
abb46740,user0276,2025-09-15T00:24:28,HU,desktop,36.233,3,0,1,1,1,1
2dac19ac,user0299,2025-09-11T18:22:14,RO,mobile,233.64,0,18,1,1,0,0
d7fecde0,user0173,2025-09-13T04:07:06,DE,mobile,88.30,9,4,1,1,1,1
3af42352,user0277,2025-09-10T05:21:58,RO,mobile,228.204,1,5,0,0,0,0
d21afef0,user0234,2025-09-12T21:18:30,RO,desktop,175.217,0,21,1,1,0,0
ab5b1673,user0076,2025-09-12T21:07:33,RO,desktop,186.88,0,21,0,1,0,0
d963485a,user0213,2025-09-15T09:37:44,FR,mobile,171.234,0,9,1,1,0,0
bdc8ff46,user0094,2025-09-13T23:50:06,DE,desktop,173.26,1,23,1,1,1,0
78840451,user0162,2025-09-11T02:33:28,RO,mobile,168.2,4,2,1,1,1,1
d035af77,user0284,2025-09-12T14:18:06,TR,tablet,75.33,0,14,1,1,1,0
f1461d26,user0283,2025-09-09T17:36:03,BG,mobile,26.8,0,17,0,0,0,0
20f8b669,user0142,2025-09-12T23:47:45,NL,mobile,178.241,0,23,1,1,0,0
583e4727,user0231,2025-09-14T09:15:04,HU,desktop,15.6,1,9,1,1,1,0
d757f970,user0209,2025-09-14T00:36:58,IT,desktop,209.237,4,0,1,1,1,1
f32e5f36,user0145,2025-09-15T12:48:01,RO,tablet,2.84,1,12,0,1,1,0
4b4dcd49,user0277,2025-09-15T19:29:38,RO,desktop,19.235,0,19,0,1,0,0
cf915d61,user0295,2025-09-13T04:27:05,FR,mobile,21.0,0,4,1,1,0,0
78b1f36b,user0148,2025-09-15T19:13:16,ES,mobile,45.195,0,19,1,1,0,0
335e6e37,user0075,2025-09-15T18:56:28,ES,desktop,175.203,1,18,0,0,0,0
31766238,user0217,2025-09-09T02:40:35,RO,mobile,59.130,7,2,1,1,1,1
d09c3ba5,user0019,2025-09-11T18:53:30,RO,mobile,103.123,1,18,0,0,0,0
6216d384,user0026,2025-09-11T18:42:18,DE,desktop,240.38,0,18,1,1,0,0
3ab451e7,user0182,2025-09-09T19:59:39,RO,mobile,21.41,2,19,0,0,0,0
44761002,user0250,2025-09-16T02:33:16,RO,mobile,241.167,5,2,0,1,0,1
62bbd42c,user0213,2025-09-13T00:12:13,IT,mobile,77.160,3,0,1,1,0,1
1f465086,user0170,2025-09-16T13:37:43,BG,mobile,156.85,1,13,1,1,1,0
25ae54ae,user0048,2025-09-09T17:33:24,RO,mobile,245.58,0,17,1,1,0,0
e5c172a4,user0110,2025-09-13T15:38:26,RO,desktop,12.168,0,15,0,1,0,0
9f2c62da,user0295,2025-09-15T13:23:26,FR,desktop,231.253,1,13,1,1,0,0
9482ec06,user0011,2025-09-13T15:55:06,IT,desktop,123.186,0,15,1,1,0,0
461727e6,user0129,2025-09-10T02:59:08,DE,mobile,30.169,0,2,0,0,0,0
fe1d35c8,user0259,2025-09-09T11:22:25,RO,desktop,180.124,0,11,0,0,0,0
30a8f106,user0164,2025-09-13T10:20:38,RO,desktop,225.241,1,10,0,0,0,0
78ba505c,user0064,2025-09-09T14:47:52,RO,desktop,124.142,1,14,0,0,0,0
f202bacc,user0007,2025-09-13T18:20:08,RO,mobile,192.177,1,18,0,0,0,0
bdc9cad4,user0062,2025-09-14T20:17:15,RO,desktop,141.217,0,20,0,1,0,0
449c7080,user0262,2025-09-12T01:17:43,RO,desktop,49.97,3,1,1,1,0,1
8ebe63b5,user0225,2025-09-10T08:44:39,IT,mobile,15.131,1,8,0,0,0,0
c3f442b8,user0282,2025-09-14T08:54:08,UA,mobile,122.43,1,8,1,1,0,0
efd82a6d,user0155,2025-09-13T15:06:26,RO,mobile,50.117,1,15,0,1,0,0
b6c1517d,user0237,2025-09-13T00:05:16,IT,tablet,225.50,4,0,1,1,1,1
1d4e227e,user0216,2025-09-12T18:25:52,DE,mobile,101.83,0,18,0,0,0,0
769819cb,user0111,2025-09-14T00:40:51,RO,mobile,24.115,6,0,1,1,0,1
f6d7c707,user0072,2025-09-09T10:27:55,RO,mobile,175.107,0,10,1,1,0,0
7f99fdf3,user0160,2025-09-15T15:26:07,RO,mobile,89.249,1,15,1,1,0,0
59a98de2,user0260,2025-09-11T14:34:29,RO,desktop,155.165,1,14,1,1,0,0
c4d37b58,user0024,2025-09-12T17:18:23,RO,desktop,252.67,1,17,0,1,1,0
7c73039d,user0032,2025-09-13T00:37:47,RO,mobile,74.111,3,0,1,1,0,1
80692487,user0206,2025-09-14T16:44:01,HU,mobile,40.46,0,16,1,1,0,0
9c67364d,user0141,2025-09-13T00:25:03,RO,mobile,59.235,0,0,1,1,1,0
b7c2e22f,user0124,2025-09-10T10:48:38,RO,tablet,34.242,0,10,0,0,0,0
74c3e507,user0240,2025-09-10T02:48:44,DE,mobile,113.37,0,2,0,0,0,0
66f8106b,user0248,2025-09-13T18:17:39,RO,mobile,188.150,0,18,0,0,0,0
ac0da4bd,user0036,2025-09-12T02:20:10,RO,mobile,27.105,4,2,1,1,1,1
ca2b6a83,user0165,2025-09-12T00:17:11,HU,mobile,81.157,3,0,1,1,0,1
16f2f837,user0169,2025-09-16T13:33:57,UA,mobile,147.127,0,13,0,1,1,0
260d3dec,user0161,2025-09-12T17:14:31,BG,desktop,90.158,1,17,1,1,1,0
6279ba15,user0265,2025-09-14T02:35:07,RO,mobile,23.125,0,2,1,1,1,0
3a44f4e5,user0047,2025-09-15T07:44:21,TR,mobile,61.227,0,7,1,1,0,0
aabfdf08,user0102,2025-09-09T11:51:06,RO,desktop,208.26,0,11,0,0,0,0
346ecda2,user0143,2025-09-09T15:05:08,ES,mobile,122.241,0,15,0,0,0,0
dc73b62c,user0042,2025-09-11T04:56:41,DE,mobile,199.252,3,4,0,1,0,1
85b57b71,user0111,2025-09-09T17:09:11,RO,mobile,204.183,0,17,0,0,0,0
b46d461c,user0129,2025-09-14T09:41:21,RO,mobile,116.178,0,9,1,1,0,0
6a362cfb,user0058,2025-09-09T13:58:25,RO,mobile,216.82,1,13,0,0,0,0
4a3251ed,user0195,2025-09-09T20:36:46,TR,mobile,189.96,0,20,1,1,0,0
70c33ee2,user0214,2025-09-14T12:59:46,RO,mobile,172.70,0,12,0,0,0,0
217308be,user0053,2025-09-14T14:24:26,RO,mobile,72.26,0,14,1,1,0,0
8f06e66c,user0125,2025-09-13T12:57:04,RO,mobile,52.115,1,12,0,1,0,0
c9dc55b3,user0001,2025-09-12T17:19:56,BG,desktop,208.220,2,17,0,1,0,0
6c835e82,user0133,2025-09-12T20:41:43,RO,mobile,165.65,0,20,0,0,0,0
134ed66d,user0209,2025-09-15T21:44:25,BG,mobile,71.184,1,21,1,1,1,0
42705f95,user0196,2025-09-10T01:46:30,IT,mobile,251.56,4,1,1,1,1,1
790273fc,user0286,2025-09-12T20:45:55,DE,mobile,253.12,0,20,1,1,1,0
8f175313,user0053,2025-09-09T21:28:00,TR,mobile,111.206,0,21,1,1,1,0
0c7a9dee,user0285,2025-09-14T09:43:46,RO,mobile,209.208,0,9,1,1,0,0
a03d2e30,user0125,2025-09-13T18:26:20,TR,mobile,3.83,0,18,1,1,0,0
cdf300c7,user0136,2025-09-09T16:53:06,TR,desktop,125.101,1,16,0,0,0,0
afa6e974,user0004,2025-09-09T18:05:57,RO,mobile,114.203,1,18,0,0,0,0
fbd27f1e,user0239,2025-09-13T16:41:43,RO,mobile,69.201,1,16,0,1,1,0
5e200841,user0277,2025-09-10T03:55:45,DE,desktop,70.215,3,3,1,1,1,1
479beda5,user0243,2025-09-10T18:55:22,NL,tablet,132.245,1,18,1,1,1,0
dcebe4d6,user0132,2025-09-13T17:00:01,FR,desktop,217.63,0,17,0,0,0,0
78172d52,user0226,2025-09-13T00:37:23,RO,desktop,161.149,2,0,0,0,0,0
533b01dc,user0248,2025-09-15T13:29:10,IT,desktop,147.181,1,13,1,1,1,0
20d088b0,user0080,2025-09-11T20:40:15,TR,mobile,77.247,0,20,1,1,1,0
feab36cd,user0063,2025-09-15T04:20:41,BG,mobile,6.50,7,4,1,1,1,1
32ac1914,user0278,2025-09-11T00:34:04,IT,desktop,123.205,3,0,0,1,1,1
983d3c09,user0016,2025-09-13T13:38:26,TR,mobile,88.96,1,13,1,1,0,0
cb7b6e2e,user0195,2025-09-16T12:01:27,IT,mobile,112.245,0,12,0,1,0,0
0872855f,user0161,2025-09-11T09:30:40,RO,mobile,52.68,0,9,1,1,0,0
e8edb9a4,user0186,2025-09-13T23:31:29,BG,mobile,196.247,4,23,1,1,0,1
c0803c85,user0231,2025-09-13T22:11:26,RO,mobile,99.195,0,22,0,1,0,0
6f3242fe,user0261,2025-09-10T08:18:59,ES,desktop,183.104,1,8,0,0,0,0
37431205,user0237,2025-09-09T11:23:43,RO,desktop,89.21,1,11,0,0,0,0
bb0dc500,user0282,2025-09-10T11:36:46,NL,mobile,223.185,0,11,1,1,0,0
62bd8217,user0023,2025-09-11T13:24:22,RO,mobile,143.4,0,13,0,1,0,0
87da4b01,user0167,2025-09-13T18:42:55,DE,mobile,22.16,0,18,1,1,0,0
379032c4,user0115,2025-09-12T14:53:05,DE,mobile,216.145,0,14,1,1,1,0
4cfb5991,user0240,2025-09-15T03:27:15,DE,desktop,255.47,7,3,1,1,1,1
92c95bb1,user0281,2025-09-12T13:33:00,DE,mobile,46.169,0,13,1,1,0,0
8f4853cf,user0128,2025-09-12T11:56:24,RO,mobile,157.16,0,11,0,1,0,0
49df908b,user0216,2025-09-13T09:16:49,IT,desktop,103.238,1,9,1,1,0,0
81daae6c,user0099,2025-09-09T04:20:07,HU,mobile,238.35,3,4,1,1,1,1
54fd37f2,user0092,2025-09-11T08:34:12,RO,mobile,59.208,1,8,0,1,1,0
197b7317,user0162,2025-09-11T03:44:39,RO,mobile,179.89,5,3,1,1,1,1
241dc465,user0116,2025-09-10T13:03:27,RO,desktop,18.97,1,13,0,0,0,0
445196a7,user0293,2025-09-10T20:14:15,HU,mobile,176.26,0,20,0,0,0,0
9ddc2ea2,user0145,2025-09-14T10:47:56,RO,mobile,37.239,0,10,0,1,0,0
f26b8cf7,user0062,2025-09-13T03:23:32,RO,desktop,33.43,4,3,1,1,1,1
50704146,user0128,2025-09-10T19:02:39,RO,mobile,113.106,1,19,1,1,1,0
c0658eca,user0207,2025-09-12T03:34:03,FR,mobile,113.139,5,3,1,1,1,1
95f23e5c,user0082,2025-09-15T10:57:20,RO,mobile,123.37,1,10,1,1,0,0
50a82663,user0107,2025-09-14T01:59:22,RO,mobile,228.131,5,1,1,1,0,1
d4f37780,user0123,2025-09-14T20:41:57,UA,desktop,20.76,0,20,1,1,1,0
3f5855a3,user0102,2025-09-15T02:02:17,DE,mobile,8.8,6,2,1,1,1,1
badca167,user0173,2025-09-13T20:53:01,RO,mobile,202.19,0,20,1,1,0,0
23e7af08,user0136,2025-09-11T07:04:54,IT,mobile,199.129,1,7,1,1,1,0
ecd9da29,user0144,2025-09-14T02:48:20,RO,desktop,182.112,3,2,1,1,0,1
dc195d17,user0014,2025-09-13T20:41:41,HU,mobile,190.196,0,20,1,1,0,0
0972f84b,user0058,2025-09-10T14:51:44,TR,desktop,219.81,0,14,1,1,1,0
89de7c72,user0095,2025-09-14T16:59:58,RO,mobile,84.223,1,16,0,0,0,0
c23ce7f5,user0278,2025-09-13T15:42:48,IT,mobile,5.76,1,15,0,1,1,0
d5d207a0,user0206,2025-09-15T09:57:27,RO,desktop,112.74,0,9,1,1,1,0
c8f57e60,user0215,2025-09-09T20:17:45,RO,mobile,214.245,0,20,0,0,0,0
7025500e,user0073,2025-09-15T16:02:33,RO,mobile,158.76,1,16,0,0,0,0
cb4a2502,user0065,2025-09-14T14:43:12,RO,mobile,236.3,1,14,1,1,0,0
461887c4,user0096,2025-09-11T23:43:37,RO,desktop,118.93,3,23,1,0,1,1
f9436d5c,user0200,2025-09-13T18:55:51,ES,desktop,179.195,1,18,1,1,0,0
946e9296,user0285,2025-09-11T08:41:23,RO,desktop,111.49,0,8,0,0,0,0
1172c6be,user0236,2025-09-11T21:42:59,RO,desktop,103.97,0,21,0,1,0,0
cbd710a8,user0241,2025-09-16T05:14:13,BG,tablet,31.46,1,5,0,1,1,0
6744bbd2,user0182,2025-09-10T21:09:38,ES,desktop,40.71,0,21,1,1,1,0
23ea8d27,user0190,2025-09-13T01:13:05,NL,mobile,231.115,8,1,1,1,0,1
a1900001,user0203,2025-09-09T21:11:01,BG,mobile,220.40,1,21,0,0,0,0
580d63be,user0099,2025-09-12T17:48:18,RO,mobile,13.225,0,17,1,1,0,0
39b86c02,user0017,2025-09-10T12:19:28,RO,mobile,239.184,1,12,0,1,0,0
ae855a8e,user0112,2025-09-13T16:02:37,RO,mobile,223.48,0,16,1,1,1,0
40f4ceed,user0276,2025-09-13T03:54:19,TR,desktop,175.194,6,3,1,1,0,1
39c1d3f9,user0222,2025-09-15T04:19:50,FR,mobile,35.128,4,4,1,1,0,1
608a53b9,user0243,2025-09-12T15:09:41,IT,mobile,48.84,1,15,1,1,0,0
bc148982,user0248,2025-09-15T21:17:44,RO,desktop,73.169,0,21,0,1,0,0
2e6ef0ef,user0099,2025-09-14T02:56:18,FR,mobile,127.108,4,2,1,1,1,1
6b4d9ce4,user0175,2025-09-09T12:17:39,RO,mobile,228.65,1,12,0,0,0,0
d1f7d20f,user0098,2025-09-10T01:49:37,RO,desktop,72.154,3,1,0,1,0,1
4cb30d23,user0051,2025-09-10T19:38:07,BG,desktop,109.80,0,19,0,0,0,0
27bff1f6,user0085,2025-09-10T22:42:46,RO,desktop,251.74,0,22,0,1,1,0
52550c57,user0118,2025-09-10T12:50:53,TR,mobile,25.53,0,12,1,1,1,0
92649bf8,user0097,2025-09-15T02:37:22,NL,desktop,175.228,3,2,0,1,0,1
eef0ec4a,user0082,2025-09-11T21:41:31,IT,mobile,41.210,1,21,1,1,0,0
fb9e4854,user0084,2025-09-09T19:31:10,FR,mobile,175.17,0,19,1,1,0,0
3a2cbe42,user0169,2025-09-15T11:40:26,UA,desktop,45.123,0,11,1,1,1,0
e0f41a36,user0040,2025-09-13T00:43:15,RO,mobile,247.59,1,0,0,0,0,0
f79235ad,user0270,2025-09-16T18:51:01,UA,mobile,113.29,0,18,0,0,0,0
4c5543a2,user0182,2025-09-14T19:41:26,RO,mobile,127.54,0,19,1,1,0,0
4045ab4a,user0048,2025-09-14T09:03:21,RO,mobile,85.207,0,9,0,1,0,0
97e622ce,user0174,2025-09-10T20:12:16,RO,mobile,213.249,0,20,1,1,1,0
150dba9f,user0227,2025-09-10T19:53:27,IT,desktop,104.187,1,19,0,0,0,0
f0f82ebb,user0170,2025-09-12T02:53:16,RO,desktop,151.244,7,2,1,1,1,1
3783ad87,user0215,2025-09-11T19:21:20,BG,mobile,87.251,0,19,1,1,0,0
d2cf0653,user0225,2025-09-15T21:53:15,RO,mobile,186.14,0,21,1,1,1,0
5705ec19,user0124,2025-09-14T04:44:28,IT,desktop,53.217,1,4,1,1,1,0
74563358,user0076,2025-09-11T10:11:28,RO,tablet,179.125,1,10,0,0,0,0
6e1ac193,user0272,2025-09-12T21:13:57,RO,mobile,161.92,0,21,0,1,0,0
3b62fc11,user0229,2025-09-15T23:53:25,RO,desktop,252.137,0,23,0,1,0,0
8c0c9f40,user0123,2025-09-13T14:56:41,BG,mobile,201.218,1,14,1,1,0,0
8af25e63,user0031,2025-09-15T10:58:09,RO,desktop,6.118,1,10,0,1,1,0
29a23e2f,user0181,2025-09-13T02:53:15,RO,mobile,223.131,5,2,1,1,0,1
f44e86e1,user0193,2025-09-13T21:56:51,RO,mobile,8.12,0,21,0,0,0,0
9b435c64,user0241,2025-09-13T10:23:34,HU,mobile,65.220,0,10,1,1,1,0
56141eed,user0080,2025-09-11T02:17:04,RO,desktop,38.107,3,2,1,1,1,1
7129bff5,user0251,2025-09-14T09:42:12,TR,mobile,12.208,0,9,1,1,1,0
b0b8790b,user0071,2025-09-10T19:21:43,RO,mobile,21.50,1,19,0,0,0,0
16ef682f,user0081,2025-09-10T15:35:34,RO,mobile,67.64,1,15,0,0,0,0
438025c0,user0296,2025-09-15T14:28:09,IT,mobile,86.242,2,14,1,1,0,0
590dc873,user0004,2025-09-13T05:03:24,UA,tablet,226.166,0,5,1,1,1,0
40107bf0,user0234,2025-09-16T10:41:03,RO,mobile,236.162,0,10,0,1,1,0
f8a2ff17,user0086,2025-09-10T21:56:15,RO,mobile,15.170,0,21,0,0,0,0
1d3076fd,user0126,2025-09-13T17:11:51,RO,tablet,13.68,2,17,1,1,1,0
fe0214f0,user0053,2025-09-09T16:36:42,FR,desktop,37.152,1,16,0,0,0,0
b4dd51ef,user0216,2025-09-13T02:59:30,TR,mobile,107.86,6,2,1,1,1,1
e5d92693,user0013,2025-09-12T16:58:08,RO,desktop,142.21,0,16,0,1,0,0
3443d3b9,user0279,2025-09-15T21:26:37,RO,mobile,211.108,0,21,0,1,0,0
0af5805b,user0209,2025-09-13T14:29:08,DE,desktop,209.11,1,14,0,1,0,0
e8cca97e,user0223,2025-09-13T04:11:22,DE,desktop,80.15,3,4,1,1,1,1
358b84d8,user0091,2025-09-13T20:31:50,RO,desktop,141.86,1,20,0,1,1,0
1a3d88bf,user0084,2025-09-09T12:16:34,DE,mobile,167.132,0,12,0,0,0,0
79eca4c0,user0127,2025-09-12T20:39:21,RO,mobile,205.56,0,20,0,1,1,0
a3cfaf37,user0154,2025-09-12T16:21:07,TR,desktop,184.120,1,16,1,1,1,0
bab782e5,user0190,2025-09-09T09:40:28,RO,desktop,149.51,0,9,0,0,0,0
42593fc2,user0177,2025-09-09T14:12:30,UA,mobile,220.193,0,14,0,0,0,0
12b70414,user0064,2025-09-15T15:54:08,UA,mobile,147.158,1,15,1,1,1,0
5a7f2e77,user0239,2025-09-13T13:25:22,RO,desktop,187.44,0,13,1,1,0,0
8478afc1,user0009,2025-09-14T19:16:29,FR,mobile,15.113,0,19,0,0,0,0
6d490939,user0136,2025-09-10T15:48:39,RO,desktop,163.231,1,15,1,1,0,0
25b4053d,user0079,2025-09-13T14:05:06,TR,mobile,48.124,1,14,1,1,0,0
cdde7098,user0062,2025-09-14T13:14:37,RO,desktop,128.182,0,13,0,1,0,0
756b215c,user0278,2025-09-15T14:15:02,IT,mobile,126.31,1,14,0,1,0,0
54ca3c32,user0170,2025-09-13T20:35:25,UA,mobile,213.65,0,20,1,1,1,0
22e97ef3,user0044,2025-09-14T19:54:36,IT,mobile,85.59,1,19,1,1,0,0
e94aadf7,user0157,2025-09-11T08:32:42,NL,mobile,96.11,0,8,0,0,0,0
6156c8d9,user0233,2025-09-15T04:42:44,RO,mobile,15.49,5,4,1,1,1,1
1c0b1ea7,user0143,2025-09-13T03:15:23,BG,mobile,82.153,5,3,1,1,0,1
08f7a578,user0048,2025-09-09T04:17:35,IT,mobile,155.165,3,4,0,1,0,1
80571a58,user0242,2025-09-15T19:20:04,RO,desktop,127.8,0,19,0,0,0,0
ccac09fe,user0124,2025-09-14T17:12:47,RO,mobile,133.207,0,17,0,1,1,0
71f488af,user0187,2025-09-12T02:07:31,RO,desktop,183.118,3,2,1,1,1,1
7bd922b1,user0021,2025-09-11T10:18:17,RO,desktop,35.230,2,10,0,0,0,0
4f82bd68,user0001,2025-09-10T14:44:18,BG,desktop,75.142,1,14,0,0,0,0
7d849c13,user0284,2025-09-14T02:49:36,RO,mobile,239.160,5,2,1,1,1,1
de45714c,user0026,2025-09-13T10:28:59,RO,desktop,209.191,0,10,1,1,1,0
88d32eb1,user0275,2025-09-12T03:15:34,FR,mobile,242.214,4,3,1,1,1,1
1a8f4018,user0078,2025-09-14T00:06:28,TR,desktop,232.160,5,0,1,1,1,1
ea3dde8b,user0119,2025-09-14T08:11:59,RO,mobile,65.143,1,8,0,1,1,0
14d0c2b6,user0146,2025-09-12T12:30:16,RO,mobile,99.60,1,12,1,1,1,0
99718b0f,user0252,2025-09-14T04:28:32,RO,mobile,86.217,1,4,0,0,0,0
a86cb367,user0051,2025-09-14T14:25:55,RO,mobile,147.102,1,14,1,1,0,0
831d318b,user0082,2025-09-09T02:18:21,DE,mobile,127.40,6,2,0,1,0,1
5c54ac8f,user0220,2025-09-13T18:40:16,IT,mobile,179.179,1,18,1,1,1,0
f1b07139,user0206,2025-09-09T10:20:09,RO,mobile,109.50,0,10,0,0,0,0
ceddc73a,user0280,2025-09-11T19:09:46,RO,desktop,152.187,0,19,1,1,1,0
0e6df302,user0092,2025-09-10T17:16:22,RO,desktop,75.104,0,17,0,0,0,0
9e196a02,user0013,2025-09-09T14:47:07,RO,desktop,32.9,1,14,0,0,0,0
60d134c5,user0152,2025-09-14T15:38:27,DE,desktop,38.188,0,15,0,1,1,0
af88c6a6,user0280,2025-09-09T21:08:37,UA,mobile,181.23,1,21,1,1,1,0
e097a443,user0080,2025-09-09T13:34:36,RO,desktop,111.13,0,13,0,0,0,0
3d353e4f,user0140,2025-09-11T01:35:28,RO,mobile,74.97,3,1,1,1,1,1
3ecfc261,user0055,2025-09-12T19:30:43,RO,mobile,11.186,0,19,0,1,0,0
aaf899ea,user0023,2025-09-16T11:04:45,RO,mobile,54.26,0,11,0,1,0,0
9ac043f9,user0274,2025-09-13T08:05:09,BG,desktop,185.214,1,8,1,1,1,0
2b7e8733,user0067,2025-09-11T01:42:33,FR,mobile,246.166,4,1,0,1,1,1
c0a87218,user0034,2025-09-09T01:42:56,RO,mobile,106.157,4,1,1,1,0,1
c160093a,user0197,2025-09-12T19:50:08,TR,mobile,144.8,0,19,0,0,0,0
7b87c9d8,user0060,2025-09-11T03:52:50,RO,mobile,81.253,7,3,0,0,1,1
4dd0cc38,user0149,2025-09-09T20:01:40,RO,mobile,200.230,1,20,0,0,0,0
cc1d112f,user0117,2025-09-16T18:59:17,RO,mobile,226.184,0,18,1,1,0,0
b6a0886a,user0192,2025-09-10T02:58:20,TR,desktop,28.192,5,2,1,1,1,1
946d195d,user0267,2025-09-12T16:25:13,RO,mobile,201.112,1,16,0,0,0,0
71e64063,user0126,2025-09-12T17:14:31,ES,mobile,186.27,0,17,1,1,0,0
9e5f6616,user0113,2025-09-13T14:22:44,RO,desktop,92.46,1,14,0,1,1,0
697f6648,user0138,2025-09-15T08:47:19,TR,mobile,190.59,1,8,1,1,1,0
088eca07,user0116,2025-09-15T01:24:50,RO,mobile,175.217,4,1,1,1,1,1
a7807d80,user0212,2025-09-15T18:54:08,RO,mobile,46.250,2,18,1,1,0,0
853f0410,user0221,2025-09-12T20:01:15,RO,mobile,14.35,0,20,1,1,1,0
1b3230f7,user0137,2025-09-15T20:19:44,RO,tablet,173.73,0,20,1,1,1,0
48f6d35a,user0011,2025-09-15T07:32:03,IT,mobile,122.11,1,7,0,1,1,0
abe9d97f,user0223,2025-09-12T08:02:11,RO,mobile,149.185,0,8,0,1,0,0
08b6d464,user0074,2025-09-16T23:00:54,HU,desktop,4.29,7,23,1,1,1,1
3805cafb,user0186,2025-09-10T09:58:33,BG,mobile,101.88,0,9,1,1,0,0
9d8b1a6d,user0163,2025-09-12T22:36:46,RO,mobile,56.110,2,22,0,0,0,0
53111cd2,user0207,2025-09-10T08:51:24,ES,mobile,185.5,1,8,0,0,0,0
addd4af2,user0120,2025-09-16T00:12:50,TR,desktop,59.82,0,0,1,1,0,0
2dfb9c5a,user0100,2025-09-12T11:25:01,DE,mobile,93.14,0,11,0,0,0,0
6f16af90,user0102,2025-09-13T18:45:08,RO,desktop,222.20,0,18,1,1,0,0
c450cf37,user0147,2025-09-12T15:29:41,TR,desktop,71.142,0,15,1,1,1,0
ba11971d,user0272,2025-09-10T14:54:04,RO,mobile,233.156,0,14,0,0,0,0
58cb98ab,user0151,2025-09-10T04:53:09,RO,desktop,96.71,3,4,1,1,0,1
6bf16a1a,user0030,2025-09-10T16:35:08,RO,mobile,66.54,0,16,0,0,0,0
228b69d3,user0008,2025-09-10T18:19:35,RO,desktop,206.12,0,18,0,0,0,0
a840bae8,user0094,2025-09-13T18:36:12,TR,mobile,218.240,1,18,1,1,0,0
f2341917,user0059,2025-09-13T12:55:36,DE,mobile,83.137,1,12,1,1,1,0
5f5d331c,user0121,2025-09-13T03:48:27,BG,mobile,187.113,8,3,1,1,1,1
f00184e1,user0046,2025-09-15T17:09:04,FR,desktop,153.79,2,17,0,0,0,0
2d9095ea,user0031,2025-09-10T12:01:11,DE,mobile,99.115,0,12,1,1,0,0
b75fb94a,user0140,2025-09-13T01:15:01,RO,desktop,105.168,3,1,1,1,1,1
201ec5d8,user0025,2025-09-10T21:00:39,DE,mobile,59.166,0,21,0,0,0,0
f00d9490,user0091,2025-09-11T03:00:22,RO,mobile,216.204,3,3,1,1,0,1
fcafc8d3,user0176,2025-09-11T19:51:41,RO,mobile,39.215,1,19,0,0,0,0
b27b423d,user0226,2025-09-16T03:01:54,RO,desktop,151.51,0,3,0,1,0,0
a99e81ae,user0130,2025-09-13T00:40:52,HU,mobile,48.171,6,0,1,0,1,1
6edf05de,user0041,2025-09-09T01:21:53,RO,desktop,39.140,3,1,0,1,0,1
3c93c7b6,user0195,2025-09-13T08:30:50,RO,mobile,106.136,0,8,0,1,0,0
b73c44c3,user0205,2025-09-12T12:11:12,RO,tablet,116.203,0,12,1,1,1,0
dc572a9a,user0109,2025-09-14T12:31:07,HU,mobile,179.12,0,12,1,1,1,0
8a4dd665,user0238,2025-09-12T03:13:18,UA,mobile,131.34,5,3,1,0,0,1
57800c60,user0005,2025-09-11T12:08:12,IT,mobile,73.13,0,12,1,1,0,0
4d1ce0b3,user0237,2025-09-15T14:40:43,RO,mobile,172.24,0,14,1,1,1,0
80cfed19,user0109,2025-09-10T01:29:46,RO,mobile,225.112,5,1,1,1,0,1
26da07bd,user0260,2025-09-10T03:35:44,RO,desktop,99.46,4,3,1,1,1,1
f4ceeb3e,user0056,2025-09-12T03:07:08,RO,mobile,137.226,7,3,1,1,0,1
f537db0b,user0056,2025-09-10T02:17:16,RO,mobile,143.204,4,2,0,1,1,1
42b77afe,user0195,2025-09-13T23:06:15,RO,mobile,145.127,0,23,0,1,0,0
494c080e,user0230,2025-09-10T13:51:57,HU,desktop,184.229,1,13,1,1,1,0
e57241d7,user0099,2025-09-12T09:09:27,UA,tablet,57.164,0,9,1,1,1,0
bd0d7d9c,user0219,2025-09-12T08:56:49,RO,tablet,73.183,0,8,1,1,1,0
05ae56cc,user0014,2025-09-15T19:21:18,DE,mobile,140.211,1,19,1,1,1,0
7768fe3c,user0189,2025-09-13T12:02:50,RO,mobile,72.229,0,12,0,0,0,0
04f0a2bd,user0208,2025-09-13T21:26:11,DE,mobile,210.242,0,21,1,1,1,0
2c960023,user0219,2025-09-11T00:35:57,DE,mobile,145.68,3,0,1,0,1,1
4efa6382,user0038,2025-09-14T00:33:55,FR,mobile,5.67,4,0,1,1,0,1
5e2a5a3d,user0153,2025-09-10T01:53:47,IT,desktop,183.137,4,1,0,1,1,1
95a09728,user0008,2025-09-14T20:13:01,RO,mobile,239.179,1,20,0,1,1,0
15bf1e91,user0090,2025-09-15T13:40:14,RO,mobile,156.249,1,13,1,1,0,0
36a46b73,user0282,2025-09-15T09:30:32,TR,desktop,117.92,0,9,1,1,1,0
a31411e1,user0283,2025-09-15T12:32:54,RO,mobile,129.135,1,12,0,1,1,0
e2faa530,user0234,2025-09-15T13:14:25,RO,desktop,64.69,1,13,0,1,0,0
be438336,user0120,2025-09-15T17:27:13,HU,desktop,74.213,1,17,1,1,0,0
0a1ceb6d,user0015,2025-09-15T18:10:05,RO,mobile,175.99,2,18,0,1,1,0
1d3a00a1,user0134,2025-09-11T09:24:44,DE,mobile,16.181,0,9,0,0,0,0
b2e2d87e,user0297,2025-09-15T02:28:07,BG,mobile,75.44,4,2,1,1,1,1
f81d869e,user0283,2025-09-15T08:35:12,RO,mobile,199.46,0,8,0,1,1,0
b6797a88,user0275,2025-09-14T19:57:56,DE,tablet,221.136,2,19,1,1,1,0
5fcd6d88,user0100,2025-09-14T00:04:32,DE,desktop,188.71,4,0,0,1,1,1
bda6f76b,user0017,2025-09-09T18:58:04,FR,mobile,220.28,3,18,0,0,0,0
65c8c3e7,user0211,2025-09-16T08:22:58,DE,mobile,27.198,0,8,1,1,1,0
deb9dd20,user0042,2025-09-13T20:25:31,TR,desktop,154.183,0,20,1,1,1,0
cb6b858a,user0200,2025-09-11T20:18:12,UA,mobile,151.143,1,20,0,0,0,0
7d5976f6,user0098,2025-09-10T00:25:10,RO,desktop,93.173,6,0,0,1,0,1
67f9cbda,user0196,2025-09-11T14:41:37,RO,desktop,79.92,0,14,1,1,1,0
915b360f,user0295,2025-09-13T17:06:13,UA,desktop,152.151,0,17,1,1,1,0
512cc1c4,user0126,2025-09-09T21:29:54,RO,desktop,22.243,0,21,0,1,0,0
9547b4fd,user0045,2025-09-13T21:02:21,RO,mobile,74.94,0,21,0,1,0,0
d5016c94,user0264,2025-09-10T12:27:08,HU,desktop,173.61,0,12,0,0,0,0
651ea46f,user0220,2025-09-13T16:33:26,IT,desktop,79.15,0,16,1,1,1,0
24ca9466,user0113,2025-09-13T10:15:23,RO,mobile,100.196,1,10,0,1,1,0
f2dbab08,user0158,2025-09-15T17:57:05,BG,mobile,34.55,2,17,1,1,0,0
9c7577cc,user0217,2025-09-10T01:11:34,RO,mobile,198.154,0,1,0,1,0,0
a49131b5,user0284,2025-09-11T19:32:41,RO,mobile,229.246,1,19,1,1,0,0
cb3c4373,user0036,2025-09-13T18:43:45,RO,mobile,237.130,1,18,0,1,0,0
4d3cba48,user0136,2025-09-11T09:37:13,RO,tablet,126.156,0,9,1,1,1,0
eb9505a8,user0131,2025-09-12T21:56:41,FR,mobile,237.146,0,21,0,0,0,0
035ab837,user0218,2025-09-12T19:53:19,RO,mobile,221.209,0,19,0,0,0,0
f7b60f33,user0251,2025-09-11T14:25:23,RO,mobile,186.249,2,14,1,1,1,0
a601a3ee,user0218,2025-09-14T13:11:36,UA,mobile,68.203,1,13,1,1,0,0
72dfc55f,user0115,2025-09-13T12:24:39,RO,desktop,168.50,0,12,1,1,0,0
2fabafaf,user0264,2025-09-15T21:31:16,RO,desktop,254.105,2,21,1,1,0,0
8a080871,user0026,2025-09-12T14:58:05,BG,mobile,244.72,1,14,1,1,1,0
409b0203,user0059,2025-09-13T12:40:27,RO,desktop,52.62,1,12,1,1,1,0
0e2b2644,user0036,2025-09-12T08:47:07,NL,mobile,119.241,1,8,1,1,0,0
c39f8fc7,user0207,2025-09-11T12:02:47,RO,mobile,147.66,1,12,1,1,0,0
99dc4f3d,user0143,2025-09-12T03:37:22,RO,desktop,208.73,5,3,1,1,0,1
0632dd22,user0037,2025-09-10T08:23:25,RO,mobile,243.140,1,8,1,1,1,0
e02cedb5,user0170,2025-09-12T07:37:37,RO,desktop,113.63,0,7,1,1,0,0
d0236952,user0014,2025-09-13T19:41:18,UA,desktop,205.90,1,19,1,1,1,0
782ad187,user0153,2025-09-14T21:51:14,RO,desktop,147.88,2,21,0,1,0,0
0c6e16b6,user0155,2025-09-12T16:33:09,DE,mobile,206.11,1,16,1,1,0,0
eef5a1cb,user0136,2025-09-09T00:18:59,RO,desktop,223.58,3,0,1,1,0,1
c828e562,user0180,2025-09-12T20:24:01,HU,desktop,103.100,0,20,1,1,0,0
67064311,user0036,2025-09-13T16:37:42,RO,mobile,95.80,1,16,0,1,0,0
8972f0a1,user0151,2025-09-14T21:12:11,DE,desktop,66.167,1,21,1,1,0,0
e7e0e981,user0224,2025-09-13T14:28:29,FR,tablet,171.249,0,14,1,1,1,0
48d8f335,user0210,2025-09-16T00:25:39,RO,mobile,166.230,8,0,1,1,1,1
d36833d7,user0113,2025-09-12T18:03:46,RO,mobile,105.9,2,18,1,1,0,0
e481086b,user0109,2025-09-14T00:15:50,RO,desktop,221.186,1,0,1,1,1,0
fe178e9b,user0087,2025-09-12T14:33:38,RO,mobile,21.64,0,14,0,0,0,0
0a3f3aab,user0249,2025-09-15T03:09:52,FR,mobile,242.103,3,3,1,1,1,1
f8588e77,user0200,2025-09-13T15:06:16,DE,desktop,38.160,2,15,1,1,1,0
bc000ee0,user0222,2025-09-13T17:19:18,IT,mobile,198.186,0,17,0,0,0,0
4c341359,user0002,2025-09-10T00:20:18,BG,desktop,144.101,6,0,1,1,1,1
f506b574,user0008,2025-09-15T21:43:50,RO,mobile,244.216,0,21,0,1,0,0
7ccde9ee,user0245,2025-09-13T12:42:42,FR,mobile,231.240,0,12,1,1,0,0
3f2d0aec,user0027,2025-09-13T19:46:34,RO,desktop,125.217,2,19,0,1,0,0
0c17bfcb,user0249,2025-09-10T13:02:37,BG,mobile,178.139,0,13,1,1,0,0
0d923606,user0028,2025-09-10T02:58:24,UA,mobile,207.62,6,2,0,0,1,1
db2d4ffe,user0024,2025-09-14T19:48:51,RO,mobile,144.34,1,19,0,1,1,0
2bf96325,user0225,2025-09-15T14:06:40,RO,desktop,150.52,0,14,1,1,1,0
ba331fb1,user0163,2025-09-16T13:43:13,HU,mobile,119.202,1,13,1,1,0,0
e809635b,user0256,2025-09-15T01:09:51,DE,mobile,105.167,3,1,1,1,0,1
b6d242f9,user0121,2025-09-12T02:01:15,RO,desktop,179.240,4,2,1,1,0,1
621e6809,user0249,2025-09-13T01:34:26,HU,desktop,37.218,3,1,1,1,1,1
30ba4ecd,user0227,2025-09-12T19:41:20,ES,mobile,251.87,0,19,1,1,0,0
1e87e61e,user0221,2025-09-12T16:31:02,IT,mobile,77.246,3,16,1,1,1,0
1790542a,user0123,2025-09-15T10:03:56,FR,mobile,103.87,0,10,1,1,0,0
490c788f,user0015,2025-09-13T20:15:14,FR,desktop,206.3,0,20,1,1,1,0
6864f627,user0146,2025-09-14T23:53:27,BG,desktop,139.69,5,23,1,1,1,1
d9dc42fa,user0250,2025-09-11T23:31:09,BG,mobile,203.39,3,23,1,1,0,1
64282dda,user0175,2025-09-14T15:59:57,RO,mobile,102.121,0,15,1,1,0,0
11565396,user0060,2025-09-12T11:22:06,RO,mobile,156.196,0,11,0,1,0,0
f81976b6,user0061,2025-09-14T13:14:12,TR,mobile,223.95,0,13,0,0,0,0
c88a1a4e,user0165,2025-09-15T00:40:18,FR,desktop,69.3,3,0,1,1,1,1
5e28ff9e,user0205,2025-09-12T16:51:31,FR,mobile,236.239,1,16,1,1,1,0
5bc39308,user0160,2025-09-13T12:43:11,FR,mobile,253.219,0,12,1,1,0,0
806420da,user0038,2025-09-12T18:22:13,RO,mobile,190.234,0,18,1,1,1,0
84838287,user0139,2025-09-13T08:59:54,HU,desktop,99.166,0,8,1,1,1,0
27c99a99,user0208,2025-09-12T16:21:40,RO,desktop,100.215,0,16,0,0,0,0
47a0506d,user0167,2025-09-09T11:06:03,HU,mobile,213.53,0,11,0,0,0,0
ee593946,user0239,2025-09-13T03:44:25,UA,desktop,157.73,0,3,1,1,1,0
c8a5ee23,user0019,2025-09-15T18:51:00,RO,mobile,4.76,1,18,0,1,0,0
b284bb4f,user0060,2025-09-15T15:30:51,RO,mobile,123.22,0,15,0,1,0,0
a6ed1a32,user0137,2025-09-09T11:10:51,RO,mobile,87.42,1,11,0,0,0,0
4d270946,user0079,2025-09-15T10:03:09,RO,desktop,152.200,0,10,1,1,0,0
306c44fb,user0209,2025-09-10T08:11:21,IT,desktop,87.168,1,8,0,0,0,0
e113fd9b,user0045,2025-09-09T14:58:41,RO,mobile,241.249,0,14,0,0,0,0
5f7c0cba,user0029,2025-09-09T21:48:45,BG,desktop,229.79,1,21,0,0,0,0
38a24323,user0179,2025-09-15T13:42:58,RO,mobile,116.191,0,13,0,1,1,0
7c554258,user0143,2025-09-09T10:49:30,RO,desktop,93.42,1,10,1,1,1,0
e743848d,user0226,2025-09-14T00:52:48,RO,desktop,41.81,5,0,1,1,1,1
056cc693,user0110,2025-09-12T14:40:05,RO,desktop,227.184,0,14,0,1,0,0
cedb3d9b,user0177,2025-09-12T19:05:50,RO,mobile,2.142,0,19,1,1,0,0
81f057ca,user0182,2025-09-11T09:04:08,BG,mobile,129.24,0,9,1,1,1,0
ccaf0247,user0048,2025-09-12T11:46:47,RO,mobile,154.157,0,11,0,1,0,0
c57ba9ba,user0254,2025-09-12T16:43:10,TR,mobile,207.170,1,16,0,0,0,0
911d2cfd,user0160,2025-09-13T02:15:30,IT,mobile,134.18,4,2,1,1,1,1
dfde69fd,user0163,2025-09-16T02:44:18,ES,mobile,123.137,3,2,1,1,0,1
df8a7dbd,user0081,2025-09-11T09:32:09,DE,mobile,1.60,1,9,1,1,0,0
ef9e18d2,user0299,2025-09-11T13:54:03,RO,desktop,212.191,0,13,0,1,1,0
f7cf1190,user0205,2025-09-12T00:23:47,DE,mobile,103.204,6,0,1,1,1,1
f43cd8f4,user0083,2025-09-10T04:56:11,RO,mobile,209.103,3,4,1,1,1,1
77cc6748,user0256,2025-09-09T18:55:11,RO,mobile,44.96,1,18,0,0,0,0
fb11501c,user0178,2025-09-13T18:17:34,RO,mobile,251.249,2,18,0,0,0,0
e31d7727,user0218,2025-09-15T01:09:12,RO,mobile,93.85,0,1,1,1,0,0
d3c3d272,user0148,2025-09-15T10:39:58,RO,mobile,77.147,1,10,0,0,0,0
d6dd3ef9,user0271,2025-09-11T20:47:19,RO,mobile,94.167,0,20,0,1,0,0
6af8a2dc,user0130,2025-09-14T19:43:02,RO,mobile,185.27,0,19,1,1,0,0
a1edbb1f,user0279,2025-09-11T08:52:37,RO,mobile,199.12,1,8,0,0,0,0
8aa2b2d7,user0187,2025-09-09T01:14:20,RO,desktop,62.255,3,1,1,0,0,1
4f768753,user0013,2025-09-12T18:47:47,ES,mobile,35.52,0,18,1,1,1,0
32ebe08e,user0207,2025-09-15T17:44:02,DE,desktop,200.54,2,17,1,1,1,0
eae9a7cb,user0013,2025-09-11T02:23:27,RO,tablet,212.64,4,2,1,1,1,1
35f69f86,user0298,2025-09-12T21:07:19,RO,mobile,24.108,1,21,0,0,0,0
dde341df,user0059,2025-09-14T12:09:50,FR,mobile,213.187,0,12,1,1,0,0
d2493606,user0023,2025-09-12T06:23:33,RO,mobile,163.241,0,6,0,1,0,0
eedda9b1,user0235,2025-09-11T15:27:02,DE,mobile,152.145,1,15,1,1,1,0
b6459eea,user0052,2025-09-16T03:53:00,HU,mobile,174.252,1,3,1,1,0,0
1ec526bd,user0123,2025-09-11T20:36:09,FR,mobile,110.255,0,20,1,1,1,0
4b3531fe,user0036,2025-09-11T09:31:18,RO,desktop,135.171,0,9,0,1,0,0
5665f0bf,user0283,2025-09-15T20:42:38,RO,desktop,35.118,0,20,0,1,0,0
89471601,user0151,2025-09-09T08:43:33,RO,desktop,60.166,0,8,0,0,0,0
d8cf9930,user0162,2025-09-09T04:03:45,RO,desktop,57.65,5,4,1,1,1,1
44c3496a,user0057,2025-09-10T01:26:45,RO,mobile,200.188,1,1,0,0,0,0
04bcfab2,user0077,2025-09-11T23:14:31,BG,mobile,36.167,6,23,0,1,0,1
48725b77,user0290,2025-09-13T03:41:17,HU,mobile,184.26,5,3,1,1,1,1
7081a110,user0014,2025-09-09T04:46:15,RO,mobile,4.208,4,4,1,0,1,1
3642fc83,user0295,2025-09-12T14:48:04,TR,mobile,36.209,0,14,0,0,0,0
d07c333c,user0037,2025-09-15T09:57:49,RO,mobile,162.227,0,9,0,1,0,0
e01034ea,user0037,2025-09-10T09:07:08,IT,mobile,130.61,0,9,1,1,0,0
9a058ca2,user0194,2025-09-15T17:02:39,FR,desktop,115.18,0,17,1,1,1,0
01154d82,user0086,2025-09-13T13:44:45,UA,desktop,96.220,0,13,1,1,1,0
7a21ec7d,user0210,2025-09-15T12:24:31,DE,mobile,155.72,0,12,1,1,0,0
4183a590,user0042,2025-09-15T03:51:14,RO,mobile,78.31,6,3,1,1,1,1
73e35471,user0117,2025-09-12T00:48:05,RO,mobile,242.116,0,0,1,1,1,0
d2d25e00,user0210,2025-09-14T16:28:10,FR,mobile,50.241,0,16,1,1,1,0
cab52b69,user0277,2025-09-13T20:29:19,RO,desktop,229.8,2,20,0,1,0,0
a9899b13,user0101,2025-09-12T18:39:08,FR,mobile,184.224,1,18,0,0,0,0
0fa177b4,user0192,2025-09-10T18:00:19,RO,mobile,111.101,0,18,0,0,0,0
2d5bc0f1,user0110,2025-09-10T18:14:14,DE,mobile,222.172,0,18,0,0,0,0
56876e96,user0297,2025-09-12T02:00:55,RO,desktop,75.178,5,2,1,1,1,1
62a52e9e,user0120,2025-09-09T03:46:28,RO,desktop,156.59,5,3,0,1,0,1
5c1afabc,user0109,2025-09-09T20:01:24,DE,mobile,232.212,0,20,1,1,0,0
6653bfa5,user0032,2025-09-11T14:38:46,BG,mobile,153.94,1,14,1,1,1,0
95de8e47,user0030,2025-09-11T18:50:13,DE,desktop,164.147,0,18,1,1,1,0
b8ba72a1,user0099,2025-09-10T00:32:44,IT,mobile,223.52,3,0,1,1,0,1
29a02c4f,user0252,2025-09-14T20:00:43,BG,mobile,23.105,1,20,1,1,0,0
04968cb5,user0098,2025-09-11T16:00:50,RO,mobile,66.11,0,16,0,1,1,0
5ae16584,user0126,2025-09-09T08:32:15,RO,desktop,168.217,0,8,0,0,0,0
0506c510,user0283,2025-09-11T10:13:20,RO,mobile,231.196,0,10,1,1,0,0
ae22d21e,user0244,2025-09-12T18:13:15,RO,desktop,190.140,2,18,1,1,1,0
1f352dab,user0127,2025-09-13T00:35:12,HU,tablet,55.224,4,0,1,1,1,1
936713b9,user0262,2025-09-12T09:35:52,HU,tablet,60.124,0,9,1,1,1,0
8f58b5d6,user0079,2025-09-13T20:14:52,RO,desktop,168.118,0,20,1,1,1,0
7d42515d,user0079,2025-09-10T00:35:13,IT,mobile,227.12,3,0,1,1,0,1
11636f91,user0088,2025-09-09T21:26:39,RO,mobile,49.35,1,21,0,0,0,0
2ede59f9,user0287,2025-09-12T02:10:09,DE,tablet,206.63,3,2,1,1,1,1
a308c324,user0129,2025-09-11T18:49:14,RO,mobile,254.187,0,18,1,1,0,0
cf0b15ca,user0052,2025-09-09T03:52:33,RO,mobile,149.162,7,3,1,0,0,1
15d30045,user0005,2025-09-11T18:02:46,RO,mobile,82.49,0,18,0,0,0,0
13f184f8,user0155,2025-09-14T03:22:56,RO,desktop,20.114,5,3,1,1,1,1
6df5e333,user0207,2025-09-15T14:21:38,HU,mobile,52.165,1,14,1,1,0,0
1866caa4,user0024,2025-09-09T17:16:15,RO,mobile,186.35,1,17,0,0,0,0
ec316258,user0238,2025-09-12T21:48:45,RO,mobile,79.109,0,21,1,1,0,0
f6abb7a9,user0108,2025-09-12T12:17:00,TR,mobile,120.0,0,12,1,1,0,0
77f56015,user0123,2025-09-13T10:00:34,TR,mobile,181.115,0,10,1,1,0,0
db97724e,user0128,2025-09-14T01:54:26,DE,desktop,240.243,4,1,1,1,1,1
43905e22,user0235,2025-09-11T19:06:28,FR,mobile,232.95,2,19,1,1,0,0
bb289ae8,user0137,2025-09-15T19:19:33,RO,mobile,247.101,0,19,0,1,0,0
e5983bc0,user0224,2025-09-12T18:16:32,RO,desktop,8.38,1,18,1,1,1,0
c43e47c9,user0172,2025-09-13T00:23:49,IT,desktop,149.172,3,0,1,1,1,1
b5707084,user0098,2025-09-14T12:25:20,UA,mobile,91.119,0,12,1,1,0,0
153a474c,user0005,2025-09-11T17:44:37,IT,mobile,21.17,2,17,1,1,0,0
2dd944a4,user0004,2025-09-10T08:46:41,RO,mobile,147.117,1,8,0,1,0,0
2e343d72,user0106,2025-09-13T03:52:20,RO,desktop,179.106,0,3,0,0,0,0
671707b5,user0233,2025-09-10T02:39:16,HU,mobile,9.33,3,2,1,1,1,1
4abfa835,user0039,2025-09-11T21:52:53,IT,desktop,118.190,2,21,1,1,1,0
264e5fd4,user0247,2025-09-10T12:00:19,RO,mobile,139.42,1,12,0,0,0,0
6a081d55,user0217,2025-09-11T21:10:54,NL,desktop,187.115,1,21,1,1,1,0
3584b5dd,user0286,2025-09-14T12:43:47,IT,mobile,194.217,0,12,1,1,1,0
1387a1ca,user0137,2025-09-11T21:57:46,RO,mobile,80.187,2,21,0,1,1,0
796c79e9,user0170,2025-09-14T06:56:52,ES,desktop,66.74,1,6,1,1,0,0
df3876d1,user0291,2025-09-10T11:19:51,HU,mobile,18.172,0,11,1,1,1,0
eedb015f,user0187,2025-09-11T18:31:19,HU,desktop,184.137,0,18,1,1,0,0
2d4ba932,user0148,2025-09-16T19:08:07,TR,mobile,96.234,0,19,1,1,0,0
d9944b85,user0066,2025-09-13T00:59:14,RO,mobile,21.228,3,0,1,1,1,1
a58afee6,user0171,2025-09-15T12:03:01,UA,desktop,157.149,2,12,1,1,1,0
9848aecf,user0036,2025-09-10T04:53:05,TR,desktop,234.3,3,4,1,1,1,1
d306d807,user0027,2025-09-14T14:39:32,DE,mobile,25.130,1,14,1,1,1,0
3cac2c98,user0251,2025-09-15T13:55:50,RO,mobile,191.153,0,13,1,1,0,0
72219128,user0258,2025-09-11T02:28:44,RO,desktop,215.172,3,2,0,1,1,1
031af1e6,user0102,2025-09-12T13:17:29,BG,mobile,195.28,0,13,1,1,1,0
94a0c728,user0251,2025-09-10T08:57:20,TR,desktop,114.4,0,8,0,0,0,0
d91ec9c4,user0177,2025-09-14T06:08:02,HU,mobile,100.11,1,6,1,1,0,0
0c3f52e9,user0220,2025-09-14T21:47:09,BG,mobile,218.237,0,21,1,1,1,0
27cf35d1,user0020,2025-09-11T21:33:43,RO,desktop,255.19,1,21,0,0,0,0
7daa8055,user0037,2025-09-15T10:50:03,RO,desktop,241.236,1,10,0,1,1,0
fcda74ee,user0092,2025-09-12T15:13:39,RO,desktop,142.249,0,15,0,1,1,0
d7695d3c,user0021,2025-09-15T16:02:16,RO,desktop,104.65,0,16,0,1,1,0
fd64f180,user0015,2025-09-13T16:49:40,RO,mobile,64.137,1,16,1,1,1,0
622ac1be,user0140,2025-09-15T16:37:42,RO,mobile,128.10,1,16,0,1,0,0
2b8ffdf9,user0274,2025-09-16T13:55:05,HU,desktop,241.87,0,13,1,1,0,0
1e012c05,user0137,2025-09-15T04:37:39,TR,mobile,168.120,5,4,1,1,1,1
a4cfa467,user0173,2025-09-13T13:56:47,RO,desktop,105.131,0,13,1,1,1,0
a2ca706f,user0043,2025-09-13T18:03:39,RO,mobile,62.112,0,18,0,0,0,0
56cf2905,user0290,2025-09-11T15:26:05,RO,mobile,151.90,0,15,0,0,0,0
43891c37,user0261,2025-09-12T02:34:11,DE,mobile,169.248,0,2,1,1,1,0
e8036d1b,user0224,2025-09-15T16:14:36,HU,mobile,196.5,0,16,1,1,1,0
fff3aa32,user0084,2025-09-13T16:15:09,IT,mobile,250.139,2,16,1,1,0,0
039bcdf0,user0211,2025-09-10T17:47:59,RO,desktop,11.219,0,17,0,0,0,0
b82b59c6,user0241,2025-09-15T01:44:21,IT,desktop,14.162,3,1,1,1,1,1
dd685d58,user0058,2025-09-11T13:16:01,RO,mobile,172.108,0,13,1,1,1,0
ebf6a80a,user0033,2025-09-10T20:06:02,RO,desktop,206.165,0,20,0,1,1,0
7be45213,user0093,2025-09-15T09:42:55,DE,desktop,165.112,1,9,0,0,0,0
3a5faf86,user0080,2025-09-11T13:52:06,ES,tablet,235.148,1,13,1,1,1,0
07443228,user0220,2025-09-09T19:13:55,TR,tablet,131.169,2,19,0,0,0,0
14b89a66,user0211,2025-09-15T09:30:08,RO,desktop,178.225,0,9,0,1,0,0
6e6298b5,user0055,2025-09-10T04:28:32,HU,desktop,51.140,0,4,0,0,0,0
2634fc9c,user0232,2025-09-10T10:55:45,RO,mobile,16.81,0,10,0,0,0,0
a843d3fa,user0097,2025-09-15T14:16:45,IT,mobile,15.247,0,14,1,1,1,0
ff32344b,user0091,2025-09-12T15:21:48,RO,desktop,92.22,0,15,0,1,1,0
780075ca,user0011,2025-09-13T16:22:18,RO,desktop,163.172,0,16,1,1,0,0
44229c25,user0168,2025-09-13T10:51:22,RO,mobile,242.113,1,10,0,1,0,0
63c2d375,user0036,2025-09-16T15:11:30,RO,mobile,98.41,0,15,1,1,1,0
eae8c033,user0023,2025-09-09T08:10:34,RO,mobile,76.249,1,8,0,0,0,0
9403099a,user0259,2025-09-11T16:18:28,RO,desktop,54.207,1,16,0,1,0,0
bdcd7342,user0141,2025-09-09T09:59:44,ES,desktop,82.222,1,9,0,0,0,0
d4704ebb,user0152,2025-09-12T19:12:30,DE,desktop,23.82,0,19,1,1,1,0
1fcb1869,user0077,2025-09-15T02:14:49,DE,mobile,5.209,3,2,1,1,1,1
17b766d6,user0136,2025-09-15T15:24:04,HU,desktop,137.20,0,15,1,1,1,0
4fae0192,user0274,2025-09-09T08:58:13,RO,mobile,160.94,1,8,0,0,0,0
285583c9,user0049,2025-09-10T02:19:36,HU,mobile,150.147,6,2,1,1,0,1
b39597da,user0277,2025-09-13T11:04:52,RO,tablet,109.133,1,11,0,1,1,0
6b52585a,user0136,2025-09-12T01:19:14,TR,mobile,158.52,4,1,1,1,1,1
b3c605ef,user0233,2025-09-11T00:21:57,RO,mobile,111.163,3,0,1,1,0,1
19c16d62,user0129,2025-09-15T06:37:09,RO,desktop,22.130,1,6,0,1,1,0
6c51e9ff,user0136,2025-09-11T20:36:29,HU,desktop,53.137,2,20,1,1,1,0
2ad89086,user0143,2025-09-12T10:01:39,RO,mobile,194.215,0,10,0,1,1,0
1453ac3a,user0082,2025-09-10T18:08:56,RO,mobile,143.40,1,18,1,1,0,0
8b015906,user0275,2025-09-10T08:38:27,RO,desktop,54.199,0,8,0,1,1,0
5e9d4325,user0145,2025-09-15T12:33:37,RO,mobile,127.188,0,12,0,1,1,0
c6d92032,user0197,2025-09-13T17:52:30,RO,desktop,177.81,1,17,1,1,1,0
94345a48,user0139,2025-09-09T17:45:38,RO,mobile,72.128,1,17,0,0,0,0
6bb5966c,user0186,2025-09-09T18:24:01,RO,mobile,150.175,0,18,0,0,0,0
7476c5a7,user0204,2025-09-13T19:55:24,DE,mobile,249.174,1,19,0,0,0,0
bcd03805,user0033,2025-09-10T15:17:35,RO,mobile,207.217,1,15,0,0,0,0
d9548dfe,user0276,2025-09-09T12:13:35,RO,mobile,67.3,0,12,0,0,0,0
4a84fe22,user0269,2025-09-14T10:39:38,RO,mobile,42.110,0,10,0,0,0,0
d9fba41f,user0240,2025-09-10T16:11:39,RO,mobile,247.222,1,16,1,1,0,0
5be4acc7,user0280,2025-09-13T14:28:23,FR,desktop,137.203,1,14,1,1,1,0
24c37f3f,user0137,2025-09-10T03:47:43,RO,desktop,220.4,0,3,0,1,1,0
d9f9b7cf,user0253,2025-09-10T11:45:48,RO,mobile,109.240,0,11,0,0,0,0
89234cb9,user0195,2025-09-13T20:04:03,RO,mobile,134.179,0,20,1,1,1,0
31151e4e,user0288,2025-09-09T13:24:23,FR,tablet,147.184,0,13,0,0,0,0
71d273e8,user0117,2025-09-14T11:33:18,UA,desktop,77.211,0,11,1,1,1,0
931ac138,user0300,2025-09-09T16:21:47,RO,desktop,72.189,1,16,0,0,0,0
37581386,user0042,2025-09-16T03:32:53,UA,desktop,55.62,5,3,1,1,1,1
27484585,user0155,2025-09-11T11:03:16,RO,mobile,110.119,0,11,0,0,0,0
a72f128f,user0084,2025-09-11T00:32:56,DE,mobile,80.35,3,0,1,1,0,1
72141452,user0283,2025-09-11T04:33:05,FR,mobile,135.184,6,4,1,1,0,1
c116ea19,user0063,2025-09-12T14:14:07,BG,desktop,99.26,0,14,0,0,0,0
